-- phpMyAdmin SQL Dump
-- version 5.2.0
-- https://www.phpmyadmin.net/
--
-- Anamakine: 127.0.0.1:3306
-- Üretim Zamanı: 27 May 2023, 12:03:15
-- Sunucu sürümü: 8.0.31
-- PHP Sürümü: 8.0.26

SET SQL_MODE = "NO_AUTO_VALUE_ON_ZERO";
START TRANSACTION;
SET time_zone = "+00:00";


/*!40101 SET @OLD_CHARACTER_SET_CLIENT=@@CHARACTER_SET_CLIENT */;
/*!40101 SET @OLD_CHARACTER_SET_RESULTS=@@CHARACTER_SET_RESULTS */;
/*!40101 SET @OLD_COLLATION_CONNECTION=@@COLLATION_CONNECTION */;
/*!40101 SET NAMES utf8mb4 */;

--
-- Veritabanı: `hastaneveritabani`
--

-- --------------------------------------------------------

--
-- Tablo için tablo yapısı `bulunma`
--

DROP TABLE IF EXISTS `bulunma`;
CREATE TABLE IF NOT EXISTS `bulunma` (
  `bulunma_id` int NOT NULL,
  `polikilinik_id` int DEFAULT NULL,
  `hastane_id` int DEFAULT NULL,
  PRIMARY KEY (`bulunma_id`),
  KEY `hastane_id` (`hastane_id`),
  KEY `polikilinik_id` (`polikilinik_id`)
) ENGINE=MyISAM DEFAULT CHARSET=utf8mb3 COLLATE=utf8mb3_turkish_ci;

--
-- Tablo döküm verisi `bulunma`
--

INSERT INTO `bulunma` (`bulunma_id`, `polikilinik_id`, `hastane_id`) VALUES
(1, 1, 1),
(2, 2, 1),
(3, 3, 1),
(4, 4, 1),
(5, 5, 1),
(6, 6, 1),
(7, 7, 1),
(8, 8, 1),
(9, 9, 1),
(10, 10, 1),
(11, 11, 1),
(12, 12, 1),
(13, 13, 1),
(14, 14, 1),
(15, 15, 1),
(16, 1, 2),
(17, 2, 2),
(18, 3, 2),
(19, 4, 2),
(20, 5, 2),
(21, 6, 2),
(22, 7, 2),
(23, 8, 2),
(24, 9, 2),
(30, 15, 2),
(25, 10, 2),
(26, 11, 2),
(27, 12, 2),
(28, 13, 2),
(29, 14, 2),
(31, 1, 3),
(32, 2, 3),
(33, 3, 3),
(34, 4, 3),
(35, 5, 3),
(36, 6, 3),
(37, 7, 3),
(38, 8, 3),
(39, 9, 3),
(40, 10, 3),
(41, 11, 3),
(42, 12, 3),
(43, 13, 3),
(44, 14, 3),
(45, 15, 3),
(46, 1, 4),
(47, 2, 4),
(48, 3, 4),
(49, 4, 4),
(50, 5, 4),
(51, 6, 4),
(52, 7, 4),
(53, 8, 4),
(54, 9, 4),
(55, 10, 4),
(56, 11, 4),
(57, 12, 4),
(58, 13, 4),
(59, 14, 4),
(60, 15, 4),
(61, 1, 5),
(62, 2, 5),
(63, 3, 5),
(64, 4, 5),
(65, 5, 5),
(66, 6, 5),
(67, 7, 5),
(68, 8, 5),
(69, 9, 5),
(70, 10, 5),
(71, 11, 5),
(72, 12, 5),
(73, 13, 5),
(74, 14, 5),
(75, 15, 5);

-- --------------------------------------------------------

--
-- Tablo için tablo yapısı `calisma_saati`
--

DROP TABLE IF EXISTS `calisma_saati`;
CREATE TABLE IF NOT EXISTS `calisma_saati` (
  `calisma_saati_id` int NOT NULL AUTO_INCREMENT,
  `calisma_saati` time DEFAULT NULL,
  `doluMu` tinyint NOT NULL,
  `doktor_id` int DEFAULT NULL,
  `calisma_tarihi` date NOT NULL,
  PRIMARY KEY (`calisma_saati_id`),
  KEY `doktor_id` (`doktor_id`)
) ENGINE=MyISAM AUTO_INCREMENT=4726 DEFAULT CHARSET=utf8mb3 COLLATE=utf8mb3_turkish_ci;

--
-- Tablo döküm verisi `calisma_saati`
--

INSERT INTO `calisma_saati` (`calisma_saati_id`, `calisma_saati`, `doluMu`, `doktor_id`, `calisma_tarihi`) VALUES
(1, '09:30:00', 1, 1, '2023-05-29'),
(2, '10:30:00', 0, 1, '2023-05-29'),
(3, '11:30:00', 0, 1, '2023-05-29'),
(4, '12:30:00', 0, 1, '2023-05-29'),
(5, '14:30:00', 0, 1, '2023-05-29'),
(6, '15:30:00', 1, 1, '2023-05-29'),
(7, '16:30:00', 1, 1, '2023-05-29'),
(8, '09:30:00', 0, 2, '2023-05-29'),
(9, '10:30:00', 0, 2, '2023-05-29'),
(10, '11:30:00', 0, 2, '2023-05-29'),
(11, '12:30:00', 1, 2, '2023-05-29'),
(12, '14:30:00', 1, 2, '2023-05-29'),
(13, '15:30:00', 0, 2, '2023-05-29'),
(14, '16:30:00', 0, 2, '2023-05-29'),
(15, '09:30:00', 1, 3, '2023-05-29'),
(16, '10:30:00', 1, 3, '2023-05-29'),
(17, '11:30:00', 1, 3, '2023-05-29'),
(18, '12:30:00', 0, 3, '2023-05-29'),
(19, '14:30:00', 0, 3, '2023-05-29'),
(20, '15:30:00', 0, 3, '2023-05-29'),
(21, '16:30:00', 0, 3, '2023-05-29'),
(22, '09:30:00', 0, 4, '2023-05-29'),
(23, '10:30:00', 0, 4, '2023-05-29'),
(24, '11:30:00', 1, 4, '2023-05-29'),
(25, '12:30:00', 0, 4, '2023-05-29'),
(26, '14:30:00', 0, 4, '2023-05-29'),
(27, '15:30:00', 1, 4, '2023-05-29'),
(28, '16:30:00', 0, 4, '2023-05-29'),
(29, '09:30:00', 0, 5, '2023-05-29'),
(30, '10:30:00', 1, 5, '2023-05-29'),
(31, '11:30:00', 0, 5, '2023-05-29'),
(32, '12:30:00', 0, 5, '2023-05-29'),
(33, '14:30:00', 0, 5, '2023-05-29'),
(34, '15:30:00', 1, 5, '2023-05-29'),
(35, '16:30:00', 1, 5, '2023-05-29'),
(36, '09:30:00', 1, 6, '2023-05-29'),
(37, '10:30:00', 1, 6, '2023-05-29'),
(38, '11:30:00', 0, 6, '2023-05-29'),
(39, '12:30:00', 0, 6, '2023-05-29'),
(40, '14:30:00', 0, 6, '2023-05-29'),
(41, '15:30:00', 0, 6, '2023-05-29'),
(42, '16:30:00', 1, 6, '2023-05-29'),
(43, '09:30:00', 1, 7, '2023-05-29'),
(44, '10:30:00', 1, 7, '2023-05-29'),
(45, '11:30:00', 1, 7, '2023-05-29'),
(46, '12:30:00', 0, 7, '2023-05-29'),
(47, '14:30:00', 0, 7, '2023-05-29'),
(48, '15:30:00', 1, 7, '2023-05-29'),
(49, '16:30:00', 0, 7, '2023-05-29'),
(50, '09:30:00', 0, 8, '2023-05-29'),
(51, '10:30:00', 0, 8, '2023-05-29'),
(52, '11:30:00', 1, 8, '2023-05-29'),
(53, '12:30:00', 1, 8, '2023-05-29'),
(54, '14:30:00', 1, 8, '2023-05-29'),
(55, '15:30:00', 1, 8, '2023-05-29'),
(56, '16:30:00', 0, 8, '2023-05-29'),
(57, '09:30:00', 1, 9, '2023-05-29'),
(58, '10:30:00', 0, 9, '2023-05-29'),
(59, '11:30:00', 1, 9, '2023-05-29'),
(60, '12:30:00', 0, 9, '2023-05-29'),
(61, '14:30:00', 0, 9, '2023-05-29'),
(62, '15:30:00', 1, 9, '2023-05-29'),
(63, '16:30:00', 1, 9, '2023-05-29'),
(64, '09:30:00', 1, 10, '2023-05-29'),
(65, '10:30:00', 0, 10, '2023-05-29'),
(66, '11:30:00', 1, 10, '2023-05-29'),
(67, '12:30:00', 0, 10, '2023-05-29'),
(68, '14:30:00', 0, 10, '2023-05-29'),
(69, '15:30:00', 0, 10, '2023-05-29'),
(70, '16:30:00', 0, 10, '2023-05-29'),
(71, '09:30:00', 1, 11, '2023-05-29'),
(72, '10:30:00', 0, 11, '2023-05-29'),
(73, '11:30:00', 1, 11, '2023-05-29'),
(74, '12:30:00', 1, 11, '2023-05-29'),
(75, '14:30:00', 1, 11, '2023-05-29'),
(76, '15:30:00', 0, 11, '2023-05-29'),
(77, '16:30:00', 0, 11, '2023-05-29'),
(78, '09:30:00', 1, 12, '2023-05-29'),
(79, '10:30:00', 0, 12, '2023-05-29'),
(80, '11:30:00', 0, 12, '2023-05-29'),
(81, '12:30:00', 0, 12, '2023-05-29'),
(82, '14:30:00', 1, 12, '2023-05-29'),
(83, '15:30:00', 1, 12, '2023-05-29'),
(84, '16:30:00', 1, 12, '2023-05-29'),
(85, '09:30:00', 1, 13, '2023-05-29'),
(86, '10:30:00', 0, 13, '2023-05-29'),
(87, '11:30:00', 1, 13, '2023-05-29'),
(88, '12:30:00', 0, 13, '2023-05-29'),
(89, '14:30:00', 1, 13, '2023-05-29'),
(90, '15:30:00', 0, 13, '2023-05-29'),
(91, '16:30:00', 1, 13, '2023-05-29'),
(92, '09:30:00', 1, 14, '2023-05-29'),
(93, '10:30:00', 0, 14, '2023-05-29'),
(94, '11:30:00', 1, 14, '2023-05-29'),
(95, '12:30:00', 0, 14, '2023-05-29'),
(96, '14:30:00', 0, 14, '2023-05-29'),
(97, '15:30:00', 0, 14, '2023-05-29'),
(98, '16:30:00', 0, 14, '2023-05-29'),
(99, '09:30:00', 0, 15, '2023-05-29'),
(100, '10:30:00', 0, 15, '2023-05-29'),
(101, '11:30:00', 0, 15, '2023-05-29'),
(102, '12:30:00', 1, 15, '2023-05-29'),
(103, '14:30:00', 0, 15, '2023-05-29'),
(104, '15:30:00', 1, 15, '2023-05-29'),
(105, '16:30:00', 0, 15, '2023-05-29'),
(106, '09:30:00', 1, 16, '2023-05-29'),
(107, '10:30:00', 0, 16, '2023-05-29'),
(108, '11:30:00', 0, 16, '2023-05-29'),
(109, '12:30:00', 1, 16, '2023-05-29'),
(110, '14:30:00', 0, 16, '2023-05-29'),
(111, '15:30:00', 1, 16, '2023-05-29'),
(112, '16:30:00', 0, 16, '2023-05-29'),
(113, '09:30:00', 1, 17, '2023-05-29'),
(114, '10:30:00', 0, 17, '2023-05-29'),
(115, '11:30:00', 0, 17, '2023-05-29'),
(116, '12:30:00', 1, 17, '2023-05-29'),
(117, '14:30:00', 0, 17, '2023-05-29'),
(118, '15:30:00', 0, 17, '2023-05-29'),
(119, '16:30:00', 0, 17, '2023-05-29'),
(120, '09:30:00', 0, 18, '2023-05-29'),
(121, '10:30:00', 0, 18, '2023-05-29'),
(122, '11:30:00', 0, 18, '2023-05-29'),
(123, '12:30:00', 1, 18, '2023-05-29'),
(124, '14:30:00', 0, 18, '2023-05-29'),
(125, '15:30:00', 0, 18, '2023-05-29'),
(126, '16:30:00', 0, 18, '2023-05-29'),
(127, '09:30:00', 1, 19, '2023-05-29'),
(128, '10:30:00', 0, 19, '2023-05-29'),
(129, '11:30:00', 0, 19, '2023-05-29'),
(130, '12:30:00', 0, 19, '2023-05-29'),
(131, '14:30:00', 1, 19, '2023-05-29'),
(132, '15:30:00', 1, 19, '2023-05-29'),
(133, '16:30:00', 0, 19, '2023-05-29'),
(134, '09:30:00', 1, 20, '2023-05-29'),
(135, '10:30:00', 0, 20, '2023-05-29'),
(136, '11:30:00', 0, 20, '2023-05-29'),
(137, '12:30:00', 1, 20, '2023-05-29'),
(138, '14:30:00', 0, 20, '2023-05-29'),
(139, '15:30:00', 0, 20, '2023-05-29'),
(140, '16:30:00', 0, 20, '2023-05-29'),
(141, '09:30:00', 1, 21, '2023-05-29'),
(142, '10:30:00', 1, 21, '2023-05-29'),
(143, '11:30:00', 0, 21, '2023-05-29'),
(144, '12:30:00', 0, 21, '2023-05-29'),
(145, '14:30:00', 1, 21, '2023-05-29'),
(146, '15:30:00', 0, 21, '2023-05-29'),
(147, '16:30:00', 0, 21, '2023-05-29'),
(148, '09:30:00', 0, 22, '2023-05-29'),
(149, '10:30:00', 0, 22, '2023-05-29'),
(150, '11:30:00', 0, 22, '2023-05-29'),
(151, '12:30:00', 0, 22, '2023-05-29'),
(152, '14:30:00', 1, 22, '2023-05-29'),
(153, '15:30:00', 1, 22, '2023-05-29'),
(154, '16:30:00', 0, 22, '2023-05-29'),
(155, '09:30:00', 0, 23, '2023-05-29'),
(156, '10:30:00', 0, 23, '2023-05-29'),
(157, '11:30:00', 0, 23, '2023-05-29'),
(158, '12:30:00', 0, 23, '2023-05-29'),
(159, '14:30:00', 0, 23, '2023-05-29'),
(160, '15:30:00', 0, 23, '2023-05-29'),
(161, '16:30:00', 0, 23, '2023-05-29'),
(162, '09:30:00', 1, 24, '2023-05-29'),
(163, '10:30:00', 1, 24, '2023-05-29'),
(164, '11:30:00', 1, 24, '2023-05-29'),
(165, '12:30:00', 0, 24, '2023-05-29'),
(166, '14:30:00', 0, 24, '2023-05-29'),
(167, '15:30:00', 0, 24, '2023-05-29'),
(168, '16:30:00', 1, 24, '2023-05-29'),
(169, '09:30:00', 1, 25, '2023-05-29'),
(170, '10:30:00', 1, 25, '2023-05-29'),
(171, '11:30:00', 0, 25, '2023-05-29'),
(172, '12:30:00', 0, 25, '2023-05-29'),
(173, '14:30:00', 0, 25, '2023-05-29'),
(174, '15:30:00', 0, 25, '2023-05-29'),
(175, '16:30:00', 0, 25, '2023-05-29'),
(176, '09:30:00', 0, 26, '2023-05-29'),
(177, '10:30:00', 0, 26, '2023-05-29'),
(178, '11:30:00', 0, 26, '2023-05-29'),
(179, '12:30:00', 0, 26, '2023-05-29'),
(180, '14:30:00', 1, 26, '2023-05-29'),
(181, '15:30:00', 0, 26, '2023-05-29'),
(182, '16:30:00', 0, 26, '2023-05-29'),
(183, '09:30:00', 0, 27, '2023-05-29'),
(184, '10:30:00', 0, 27, '2023-05-29'),
(185, '11:30:00', 0, 27, '2023-05-29'),
(186, '12:30:00', 0, 27, '2023-05-29'),
(187, '14:30:00', 1, 27, '2023-05-29'),
(188, '15:30:00', 0, 27, '2023-05-29'),
(189, '16:30:00', 1, 27, '2023-05-29'),
(190, '09:30:00', 0, 28, '2023-05-29'),
(191, '10:30:00', 1, 28, '2023-05-29'),
(192, '11:30:00', 0, 28, '2023-05-29'),
(193, '12:30:00', 0, 28, '2023-05-29'),
(194, '14:30:00', 1, 28, '2023-05-29'),
(195, '15:30:00', 1, 28, '2023-05-29'),
(196, '16:30:00', 0, 28, '2023-05-29'),
(197, '09:30:00', 1, 29, '2023-05-29'),
(198, '10:30:00', 1, 29, '2023-05-29'),
(199, '11:30:00', 1, 29, '2023-05-29'),
(200, '12:30:00', 1, 29, '2023-05-29'),
(201, '14:30:00', 1, 29, '2023-05-29'),
(202, '15:30:00', 0, 29, '2023-05-29'),
(203, '16:30:00', 0, 29, '2023-05-29'),
(204, '09:30:00', 0, 30, '2023-05-29'),
(205, '10:30:00', 1, 30, '2023-05-29'),
(206, '11:30:00', 1, 30, '2023-05-29'),
(207, '12:30:00', 0, 30, '2023-05-29'),
(208, '14:30:00', 0, 30, '2023-05-29'),
(209, '15:30:00', 0, 30, '2023-05-29'),
(210, '16:30:00', 0, 30, '2023-05-29'),
(211, '09:30:00', 0, 31, '2023-05-29'),
(212, '10:30:00', 1, 31, '2023-05-29'),
(213, '11:30:00', 0, 31, '2023-05-29'),
(214, '12:30:00', 0, 31, '2023-05-29'),
(215, '14:30:00', 1, 31, '2023-05-29'),
(216, '15:30:00', 0, 31, '2023-05-29'),
(217, '16:30:00', 0, 31, '2023-05-29'),
(218, '09:30:00', 1, 32, '2023-05-29'),
(219, '10:30:00', 1, 32, '2023-05-29'),
(220, '11:30:00', 1, 32, '2023-05-29'),
(221, '12:30:00', 0, 32, '2023-05-29'),
(222, '14:30:00', 0, 32, '2023-05-29'),
(223, '15:30:00', 0, 32, '2023-05-29'),
(224, '16:30:00', 0, 32, '2023-05-29'),
(225, '09:30:00', 0, 33, '2023-05-29'),
(226, '10:30:00', 0, 33, '2023-05-29'),
(227, '11:30:00', 0, 33, '2023-05-29'),
(228, '12:30:00', 0, 33, '2023-05-29'),
(229, '14:30:00', 1, 33, '2023-05-29'),
(230, '15:30:00', 1, 33, '2023-05-29'),
(231, '16:30:00', 0, 33, '2023-05-29'),
(232, '09:30:00', 1, 34, '2023-05-29'),
(233, '10:30:00', 1, 34, '2023-05-29'),
(234, '11:30:00', 0, 34, '2023-05-29'),
(235, '12:30:00', 0, 34, '2023-05-29'),
(236, '14:30:00', 0, 34, '2023-05-29'),
(237, '15:30:00', 0, 34, '2023-05-29'),
(238, '16:30:00', 0, 34, '2023-05-29'),
(239, '09:30:00', 0, 35, '2023-05-29'),
(240, '10:30:00', 0, 35, '2023-05-29'),
(241, '11:30:00', 0, 35, '2023-05-29'),
(242, '12:30:00', 0, 35, '2023-05-29'),
(243, '14:30:00', 0, 35, '2023-05-29'),
(244, '15:30:00', 1, 35, '2023-05-29'),
(245, '16:30:00', 1, 35, '2023-05-29'),
(246, '09:30:00', 0, 36, '2023-05-29'),
(247, '10:30:00', 0, 36, '2023-05-29'),
(248, '11:30:00', 1, 36, '2023-05-29'),
(249, '12:30:00', 1, 36, '2023-05-29'),
(250, '14:30:00', 1, 36, '2023-05-29'),
(251, '15:30:00', 0, 36, '2023-05-29'),
(252, '16:30:00', 0, 36, '2023-05-29'),
(253, '09:30:00', 0, 37, '2023-05-29'),
(254, '10:30:00', 0, 37, '2023-05-29'),
(255, '11:30:00', 0, 37, '2023-05-29'),
(256, '12:30:00', 1, 37, '2023-05-29'),
(257, '14:30:00', 0, 37, '2023-05-29'),
(258, '15:30:00', 0, 37, '2023-05-29'),
(259, '16:30:00', 1, 37, '2023-05-29'),
(260, '09:30:00', 0, 38, '2023-05-29'),
(261, '10:30:00', 0, 38, '2023-05-29'),
(262, '11:30:00', 0, 38, '2023-05-29'),
(263, '12:30:00', 1, 38, '2023-05-29'),
(264, '14:30:00', 0, 38, '2023-05-29'),
(265, '15:30:00', 1, 38, '2023-05-29'),
(266, '16:30:00', 1, 38, '2023-05-29'),
(267, '09:30:00', 0, 39, '2023-05-29'),
(268, '10:30:00', 1, 39, '2023-05-29'),
(269, '11:30:00', 0, 39, '2023-05-29'),
(270, '12:30:00', 1, 39, '2023-05-29'),
(271, '14:30:00', 0, 39, '2023-05-29'),
(272, '15:30:00', 0, 39, '2023-05-29'),
(273, '16:30:00', 1, 39, '2023-05-29'),
(274, '09:30:00', 0, 40, '2023-05-29'),
(275, '10:30:00', 0, 40, '2023-05-29'),
(276, '11:30:00', 1, 40, '2023-05-29'),
(277, '12:30:00', 1, 40, '2023-05-29'),
(278, '14:30:00', 0, 40, '2023-05-29'),
(279, '15:30:00', 0, 40, '2023-05-29'),
(280, '16:30:00', 1, 40, '2023-05-29'),
(281, '09:30:00', 0, 41, '2023-05-29'),
(282, '10:30:00', 0, 41, '2023-05-29'),
(283, '11:30:00', 1, 41, '2023-05-29'),
(284, '12:30:00', 1, 41, '2023-05-29'),
(285, '14:30:00', 0, 41, '2023-05-29'),
(286, '15:30:00', 0, 41, '2023-05-29'),
(287, '16:30:00', 0, 42, '2023-05-29'),
(288, '09:30:00', 0, 42, '2023-05-29'),
(289, '10:30:00', 1, 42, '2023-05-29'),
(290, '11:30:00', 1, 42, '2023-05-29'),
(291, '12:30:00', 0, 42, '2023-05-29'),
(292, '14:30:00', 0, 42, '2023-05-29'),
(293, '15:30:00', 0, 42, '2023-05-29'),
(294, '16:30:00', 0, 42, '2023-05-29'),
(295, '09:30:00', 0, 43, '2023-05-29'),
(296, '10:30:00', 1, 43, '2023-05-29'),
(297, '11:30:00', 1, 43, '2023-05-29'),
(298, '12:30:00', 0, 43, '2023-05-29'),
(299, '14:30:00', 0, 43, '2023-05-29'),
(300, '15:30:00', 0, 43, '2023-05-29'),
(301, '16:30:00', 0, 43, '2023-05-29'),
(302, '09:30:00', 0, 44, '2023-05-29'),
(303, '10:30:00', 1, 44, '2023-05-29'),
(304, '11:30:00', 1, 44, '2023-05-29'),
(305, '12:30:00', 0, 44, '2023-05-29'),
(306, '14:30:00', 0, 44, '2023-05-29'),
(307, '15:30:00', 0, 44, '2023-05-29'),
(308, '16:30:00', 0, 44, '2023-05-29'),
(309, '09:30:00', 0, 45, '2023-05-29'),
(310, '10:30:00', 1, 45, '2023-05-29'),
(311, '11:30:00', 1, 45, '2023-05-29'),
(312, '12:30:00', 0, 45, '2023-05-29'),
(313, '14:30:00', 0, 45, '2023-05-29'),
(314, '15:30:00', 0, 45, '2023-05-29'),
(315, '16:30:00', 0, 45, '2023-05-29'),
(316, '09:30:00', 0, 46, '2023-05-29'),
(317, '10:30:00', 1, 46, '2023-05-29'),
(318, '11:30:00', 1, 46, '2023-05-29'),
(319, '12:30:00', 0, 46, '2023-05-29'),
(320, '14:30:00', 0, 46, '2023-05-29'),
(321, '15:30:00', 0, 46, '2023-05-29'),
(322, '16:30:00', 0, 46, '2023-05-29'),
(323, '09:30:00', 0, 47, '2023-05-29'),
(324, '10:30:00', 1, 47, '2023-05-29'),
(325, '11:30:00', 1, 47, '2023-05-29'),
(326, '12:30:00', 0, 47, '2023-05-29'),
(327, '14:30:00', 0, 47, '2023-05-29'),
(328, '15:30:00', 0, 47, '2023-05-29'),
(329, '16:30:00', 0, 47, '2023-05-29'),
(330, '09:30:00', 0, 48, '2023-05-29'),
(331, '10:30:00', 1, 48, '2023-05-29'),
(332, '11:30:00', 1, 48, '2023-05-29'),
(333, '12:30:00', 0, 48, '2023-05-29'),
(334, '14:30:00', 0, 48, '2023-05-29'),
(335, '15:30:00', 0, 48, '2023-05-29'),
(336, '16:30:00', 0, 48, '2023-05-29'),
(337, '09:30:00', 0, 49, '2023-05-29'),
(338, '10:30:00', 1, 49, '2023-05-29'),
(339, '11:30:00', 1, 49, '2023-05-29'),
(340, '12:30:00', 0, 49, '2023-05-29'),
(341, '14:30:00', 0, 49, '2023-05-29'),
(342, '15:30:00', 0, 49, '2023-05-29'),
(343, '16:30:00', 0, 49, '2023-05-29'),
(344, '09:30:00', 0, 50, '2023-05-29'),
(345, '10:30:00', 1, 50, '2023-05-29'),
(346, '11:30:00', 1, 50, '2023-05-29'),
(347, '12:30:00', 0, 50, '2023-05-29'),
(348, '14:30:00', 0, 50, '2023-05-29'),
(349, '15:30:00', 0, 50, '2023-05-29'),
(350, '16:30:00', 0, 50, '2023-05-29'),
(351, '09:30:00', 0, 51, '2023-05-29'),
(352, '10:30:00', 1, 51, '2023-05-29'),
(353, '11:30:00', 1, 51, '2023-05-29'),
(354, '12:30:00', 0, 51, '2023-05-29'),
(355, '14:30:00', 0, 51, '2023-05-29'),
(356, '15:30:00', 0, 51, '2023-05-29'),
(357, '16:30:00', 0, 51, '2023-05-29'),
(358, '09:30:00', 0, 52, '2023-05-29'),
(359, '10:30:00', 1, 52, '2023-05-29'),
(360, '11:30:00', 1, 52, '2023-05-29'),
(361, '12:30:00', 0, 52, '2023-05-29'),
(362, '14:30:00', 0, 52, '2023-05-29'),
(363, '15:30:00', 0, 52, '2023-05-29'),
(364, '16:30:00', 0, 52, '2023-05-29'),
(365, '09:30:00', 0, 53, '2023-05-29'),
(366, '10:30:00', 1, 53, '2023-05-29'),
(367, '11:30:00', 1, 53, '2023-05-29'),
(368, '12:30:00', 0, 53, '2023-05-29'),
(369, '14:30:00', 0, 53, '2023-05-29'),
(370, '15:30:00', 0, 53, '2023-05-29'),
(371, '16:30:00', 0, 53, '2023-05-29'),
(372, '09:30:00', 0, 54, '2023-05-29'),
(373, '10:30:00', 1, 54, '2023-05-29'),
(374, '11:30:00', 1, 54, '2023-05-29'),
(375, '12:30:00', 0, 54, '2023-05-29'),
(376, '14:30:00', 0, 54, '2023-05-29'),
(377, '15:30:00', 0, 54, '2023-05-29'),
(378, '16:30:00', 0, 54, '2023-05-29'),
(379, '09:30:00', 0, 55, '2023-05-29'),
(380, '10:30:00', 1, 55, '2023-05-29'),
(381, '11:30:00', 1, 55, '2023-05-29'),
(382, '12:30:00', 0, 55, '2023-05-29'),
(383, '14:30:00', 0, 55, '2023-05-29'),
(384, '15:30:00', 0, 55, '2023-05-29'),
(385, '16:30:00', 0, 55, '2023-05-29'),
(386, '09:30:00', 0, 56, '2023-05-29'),
(387, '10:30:00', 1, 56, '2023-05-29'),
(388, '11:30:00', 1, 56, '2023-05-29'),
(389, '12:30:00', 0, 56, '2023-05-29'),
(390, '14:30:00', 0, 56, '2023-05-29'),
(391, '15:30:00', 0, 56, '2023-05-29'),
(392, '16:30:00', 0, 56, '2023-05-29'),
(393, '09:30:00', 0, 57, '2023-05-29'),
(394, '10:30:00', 1, 57, '2023-05-29'),
(395, '11:30:00', 1, 57, '2023-05-29'),
(396, '12:30:00', 0, 57, '2023-05-29'),
(397, '14:30:00', 0, 57, '2023-05-29'),
(398, '15:30:00', 0, 57, '2023-05-29'),
(399, '16:30:00', 0, 57, '2023-05-29'),
(400, '09:30:00', 0, 58, '2023-05-29'),
(401, '10:30:00', 1, 58, '2023-05-29'),
(402, '11:30:00', 1, 58, '2023-05-29'),
(403, '12:30:00', 0, 58, '2023-05-29'),
(404, '14:30:00', 0, 58, '2023-05-29'),
(405, '15:30:00', 0, 58, '2023-05-29'),
(406, '16:30:00', 0, 58, '2023-05-29'),
(407, '09:30:00', 0, 59, '2023-05-29'),
(408, '10:30:00', 1, 59, '2023-05-29'),
(409, '11:30:00', 1, 59, '2023-05-29'),
(410, '12:30:00', 0, 59, '2023-05-29'),
(411, '14:30:00', 0, 59, '2023-05-29'),
(412, '15:30:00', 0, 59, '2023-05-29'),
(413, '16:30:00', 0, 59, '2023-05-29'),
(414, '09:30:00', 0, 60, '2023-05-29'),
(415, '10:30:00', 1, 60, '2023-05-29'),
(416, '11:30:00', 1, 60, '2023-05-29'),
(417, '12:30:00', 0, 60, '2023-05-29'),
(418, '14:30:00', 0, 60, '2023-05-29'),
(419, '15:30:00', 0, 60, '2023-05-29'),
(420, '16:30:00', 0, 60, '2023-05-29'),
(421, '09:30:00', 0, 61, '2023-05-29'),
(422, '10:30:00', 1, 61, '2023-05-29'),
(423, '11:30:00', 1, 61, '2023-05-29'),
(424, '12:30:00', 0, 61, '2023-05-29'),
(425, '14:30:00', 0, 61, '2023-05-29'),
(426, '15:30:00', 0, 61, '2023-05-29'),
(427, '16:30:00', 0, 61, '2023-05-29'),
(428, '09:30:00', 0, 62, '2023-05-29'),
(429, '10:30:00', 1, 62, '2023-05-29'),
(430, '11:30:00', 1, 62, '2023-05-29'),
(431, '12:30:00', 0, 62, '2023-05-29'),
(432, '14:30:00', 0, 62, '2023-05-29'),
(433, '15:30:00', 0, 62, '2023-05-29'),
(434, '16:30:00', 0, 62, '2023-05-29'),
(435, '09:30:00', 0, 63, '2023-05-29'),
(436, '10:30:00', 1, 63, '2023-05-29'),
(437, '11:30:00', 1, 63, '2023-05-29'),
(438, '12:30:00', 0, 63, '2023-05-29'),
(439, '14:30:00', 0, 63, '2023-05-29'),
(440, '15:30:00', 0, 63, '2023-05-29'),
(441, '16:30:00', 0, 63, '2023-05-29'),
(442, '09:30:00', 0, 64, '2023-05-29'),
(443, '10:30:00', 1, 64, '2023-05-29'),
(444, '11:30:00', 1, 64, '2023-05-29'),
(445, '12:30:00', 0, 64, '2023-05-29'),
(446, '14:30:00', 0, 64, '2023-05-29'),
(447, '15:30:00', 0, 64, '2023-05-29'),
(448, '16:30:00', 0, 64, '2023-05-29'),
(449, '09:30:00', 0, 65, '2023-05-29'),
(450, '10:30:00', 1, 65, '2023-05-29'),
(451, '11:30:00', 1, 65, '2023-05-29'),
(452, '12:30:00', 0, 65, '2023-05-29'),
(453, '14:30:00', 0, 65, '2023-05-29'),
(454, '15:30:00', 0, 65, '2023-05-29'),
(455, '16:30:00', 0, 65, '2023-05-29'),
(456, '09:30:00', 0, 66, '2023-05-29'),
(457, '10:30:00', 1, 66, '2023-05-29'),
(458, '11:30:00', 1, 66, '2023-05-29'),
(459, '12:30:00', 0, 66, '2023-05-29'),
(460, '14:30:00', 0, 66, '2023-05-29'),
(461, '15:30:00', 0, 66, '2023-05-29'),
(462, '16:30:00', 0, 66, '2023-05-29'),
(463, '09:30:00', 0, 67, '2023-05-29'),
(464, '10:30:00', 1, 67, '2023-05-29'),
(465, '11:30:00', 1, 67, '2023-05-29'),
(466, '12:30:00', 0, 67, '2023-05-29'),
(467, '14:30:00', 0, 67, '2023-05-29'),
(468, '15:30:00', 0, 67, '2023-05-29'),
(469, '16:30:00', 0, 67, '2023-05-29'),
(470, '09:30:00', 0, 68, '2023-05-29'),
(471, '10:30:00', 1, 68, '2023-05-29'),
(472, '11:30:00', 1, 68, '2023-05-29'),
(473, '12:30:00', 0, 68, '2023-05-29'),
(474, '14:30:00', 0, 68, '2023-05-29'),
(475, '15:30:00', 0, 68, '2023-05-29'),
(476, '16:30:00', 0, 68, '2023-05-29'),
(477, '09:30:00', 0, 69, '2023-05-29'),
(478, '10:30:00', 1, 69, '2023-05-29'),
(479, '11:30:00', 1, 69, '2023-05-29'),
(480, '12:30:00', 0, 69, '2023-05-29'),
(481, '14:30:00', 0, 69, '2023-05-29'),
(482, '15:30:00', 0, 69, '2023-05-29'),
(483, '16:30:00', 0, 69, '2023-05-29'),
(484, '09:30:00', 0, 70, '2023-05-29'),
(485, '10:30:00', 1, 70, '2023-05-29'),
(486, '11:30:00', 1, 70, '2023-05-29'),
(487, '12:30:00', 0, 70, '2023-05-29'),
(488, '14:30:00', 0, 70, '2023-05-29'),
(489, '15:30:00', 0, 70, '2023-05-29'),
(490, '16:30:00', 0, 70, '2023-05-29'),
(491, '09:30:00', 0, 71, '2023-05-29'),
(492, '10:30:00', 1, 71, '2023-05-29'),
(493, '11:30:00', 1, 71, '2023-05-29'),
(494, '12:30:00', 0, 71, '2023-05-29'),
(495, '14:30:00', 0, 71, '2023-05-29'),
(496, '15:30:00', 0, 71, '2023-05-29'),
(497, '16:30:00', 0, 71, '2023-05-29'),
(498, '09:30:00', 0, 72, '2023-05-29'),
(499, '10:30:00', 1, 72, '2023-05-29'),
(500, '11:30:00', 1, 72, '2023-05-29'),
(501, '12:30:00', 0, 72, '2023-05-29'),
(502, '14:30:00', 0, 72, '2023-05-29'),
(503, '15:30:00', 0, 72, '2023-05-29'),
(504, '16:30:00', 0, 72, '2023-05-29'),
(505, '09:30:00', 0, 73, '2023-05-29'),
(506, '10:30:00', 1, 73, '2023-05-29'),
(507, '11:30:00', 1, 73, '2023-05-29'),
(508, '12:30:00', 0, 73, '2023-05-29'),
(509, '14:30:00', 0, 73, '2023-05-29'),
(510, '15:30:00', 0, 73, '2023-05-29'),
(511, '16:30:00', 0, 73, '2023-05-29'),
(512, '09:30:00', 0, 74, '2023-05-29'),
(513, '10:30:00', 1, 74, '2023-05-29'),
(514, '11:30:00', 1, 74, '2023-05-29'),
(515, '12:30:00', 0, 74, '2023-05-29'),
(516, '14:30:00', 0, 74, '2023-05-29'),
(517, '15:30:00', 0, 74, '2023-05-29'),
(518, '16:30:00', 0, 74, '2023-05-29'),
(519, '09:30:00', 0, 75, '2023-05-29'),
(520, '10:30:00', 1, 75, '2023-05-29'),
(521, '11:30:00', 1, 75, '2023-05-29'),
(522, '12:30:00', 0, 75, '2023-05-29'),
(523, '14:30:00', 0, 75, '2023-05-29'),
(524, '15:30:00', 0, 75, '2023-05-29'),
(525, '16:30:00', 0, 75, '2023-05-29'),
(2626, '09:30:00', 1, 1, '2023-05-30'),
(2627, '10:30:00', 1, 1, '2023-05-30'),
(2628, '11:30:00', 0, 1, '2023-05-30'),
(2629, '12:30:00', 1, 1, '2023-05-30'),
(2630, '14:30:00', 0, 1, '2023-05-30'),
(2631, '15:30:00', 1, 1, '2023-05-30'),
(2632, '16:30:00', 1, 1, '2023-05-30'),
(2633, '09:30:00', 1, 2, '2023-05-30'),
(2634, '10:30:00', 1, 2, '2023-05-30'),
(2635, '11:30:00', 0, 2, '2023-05-30'),
(2636, '12:30:00', 1, 2, '2023-05-30'),
(2637, '14:30:00', 1, 2, '2023-05-30'),
(2638, '15:30:00', 0, 2, '2023-05-30'),
(2639, '16:30:00', 1, 2, '2023-05-30'),
(2640, '09:30:00', 1, 3, '2023-05-30'),
(2641, '10:30:00', 1, 3, '2023-05-30'),
(2642, '11:30:00', 1, 3, '2023-05-30'),
(2643, '12:30:00', 1, 3, '2023-05-30'),
(2644, '14:30:00', 1, 3, '2023-05-30'),
(2645, '15:30:00', 0, 3, '2023-05-30'),
(2646, '16:30:00', 0, 3, '2023-05-30'),
(2647, '09:30:00', 1, 4, '2023-05-30'),
(2648, '10:30:00', 1, 4, '2023-05-30'),
(2649, '11:30:00', 1, 4, '2023-05-30'),
(2650, '12:30:00', 0, 4, '2023-05-30'),
(2651, '14:30:00', 0, 4, '2023-05-30'),
(2652, '15:30:00', 1, 4, '2023-05-30'),
(2653, '16:30:00', 0, 4, '2023-05-30'),
(2654, '09:30:00', 1, 5, '2023-05-30'),
(2655, '10:30:00', 1, 5, '2023-05-30'),
(2656, '11:30:00', 1, 5, '2023-05-30'),
(2657, '12:30:00', 1, 5, '2023-05-30'),
(2658, '14:30:00', 0, 5, '2023-05-30'),
(2659, '15:30:00', 1, 5, '2023-05-30'),
(2660, '16:30:00', 1, 5, '2023-05-30'),
(2661, '09:30:00', 1, 6, '2023-05-30'),
(2662, '10:30:00', 1, 6, '2023-05-30'),
(2663, '11:30:00', 1, 6, '2023-05-30'),
(2664, '12:30:00', 1, 6, '2023-05-30'),
(2665, '14:30:00', 0, 6, '2023-05-30'),
(2666, '15:30:00', 0, 6, '2023-05-30'),
(2667, '16:30:00', 1, 6, '2023-05-30'),
(2668, '09:30:00', 1, 7, '2023-05-30'),
(2669, '10:30:00', 1, 7, '2023-05-30'),
(2670, '11:30:00', 1, 7, '2023-05-30'),
(2671, '12:30:00', 0, 7, '2023-05-30'),
(2672, '14:30:00', 1, 7, '2023-05-30'),
(2673, '15:30:00', 1, 7, '2023-05-30'),
(2674, '16:30:00', 0, 7, '2023-05-30'),
(2675, '09:30:00', 1, 8, '2023-05-30'),
(2676, '10:30:00', 1, 8, '2023-05-30'),
(2677, '11:30:00', 1, 8, '2023-05-30'),
(2678, '12:30:00', 1, 8, '2023-05-30'),
(2679, '14:30:00', 1, 8, '2023-05-30'),
(2680, '15:30:00', 1, 8, '2023-05-30'),
(2681, '16:30:00', 0, 8, '2023-05-30'),
(2682, '09:30:00', 1, 9, '2023-05-30'),
(2683, '10:30:00', 0, 9, '2023-05-30'),
(2684, '11:30:00', 1, 9, '2023-05-30'),
(2685, '12:30:00', 1, 9, '2023-05-30'),
(2686, '14:30:00', 0, 9, '2023-05-30'),
(2687, '15:30:00', 1, 9, '2023-05-30'),
(2688, '16:30:00', 1, 9, '2023-05-30'),
(2689, '09:30:00', 1, 10, '2023-05-30'),
(2690, '10:30:00', 0, 10, '2023-05-30'),
(2691, '11:30:00', 1, 10, '2023-05-30'),
(2692, '12:30:00', 0, 10, '2023-05-30'),
(2693, '14:30:00', 1, 10, '2023-05-30'),
(2694, '15:30:00', 1, 10, '2023-05-30'),
(2695, '16:30:00', 0, 10, '2023-05-30'),
(2696, '09:30:00', 1, 11, '2023-05-30'),
(2697, '10:30:00', 0, 11, '2023-05-30'),
(2698, '11:30:00', 1, 11, '2023-05-30'),
(2699, '12:30:00', 1, 11, '2023-05-30'),
(2700, '14:30:00', 1, 11, '2023-05-30'),
(2701, '15:30:00', 0, 11, '2023-05-30'),
(2702, '16:30:00', 0, 11, '2023-05-30'),
(2703, '09:30:00', 1, 12, '2023-05-30'),
(2704, '10:30:00', 0, 12, '2023-05-30'),
(2705, '11:30:00', 0, 12, '2023-05-30'),
(2706, '12:30:00', 0, 12, '2023-05-30'),
(2707, '14:30:00', 1, 12, '2023-05-30'),
(2708, '15:30:00', 1, 12, '2023-05-30'),
(2709, '16:30:00', 1, 12, '2023-05-30'),
(2710, '09:30:00', 1, 13, '2023-05-30'),
(2711, '10:30:00', 0, 13, '2023-05-30'),
(2712, '11:30:00', 1, 13, '2023-05-30'),
(2713, '12:30:00', 0, 13, '2023-05-30'),
(2714, '14:30:00', 1, 13, '2023-05-30'),
(2715, '15:30:00', 0, 13, '2023-05-30'),
(2716, '16:30:00', 1, 13, '2023-05-30'),
(2717, '09:30:00', 1, 14, '2023-05-30'),
(2718, '10:30:00', 0, 14, '2023-05-30'),
(2719, '11:30:00', 1, 14, '2023-05-30'),
(2720, '12:30:00', 0, 14, '2023-05-30'),
(2721, '14:30:00', 1, 14, '2023-05-30'),
(2722, '15:30:00', 0, 14, '2023-05-30'),
(2723, '16:30:00', 1, 14, '2023-05-30'),
(2724, '09:30:00', 1, 15, '2023-05-30'),
(2725, '10:30:00', 1, 15, '2023-05-30'),
(2726, '11:30:00', 0, 15, '2023-05-30'),
(2727, '12:30:00', 1, 15, '2023-05-30'),
(2728, '14:30:00', 0, 15, '2023-05-30'),
(2729, '15:30:00', 1, 15, '2023-05-30'),
(2730, '16:30:00', 0, 15, '2023-05-30'),
(2731, '09:30:00', 1, 16, '2023-05-30'),
(2732, '10:30:00', 0, 16, '2023-05-30'),
(2733, '11:30:00', 0, 16, '2023-05-30'),
(2734, '12:30:00', 1, 16, '2023-05-30'),
(2735, '14:30:00', 1, 16, '2023-05-30'),
(2736, '15:30:00', 1, 16, '2023-05-30'),
(2737, '16:30:00', 0, 16, '2023-05-30'),
(2738, '09:30:00', 1, 17, '2023-05-30'),
(2739, '10:30:00', 0, 17, '2023-05-30'),
(2740, '11:30:00', 0, 17, '2023-05-30'),
(2741, '12:30:00', 1, 17, '2023-05-30'),
(2742, '14:30:00', 0, 17, '2023-05-30'),
(2743, '15:30:00', 1, 17, '2023-05-30'),
(2744, '16:30:00', 1, 17, '2023-05-30'),
(2745, '09:30:00', 1, 18, '2023-05-30'),
(2746, '10:30:00', 1, 18, '2023-05-30'),
(2747, '11:30:00', 0, 18, '2023-05-30'),
(2748, '12:30:00', 1, 18, '2023-05-30'),
(2749, '14:30:00', 0, 18, '2023-05-30'),
(2750, '15:30:00', 1, 18, '2023-05-30'),
(2751, '16:30:00', 0, 18, '2023-05-30'),
(2752, '09:30:00', 1, 19, '2023-05-30'),
(2753, '10:30:00', 0, 19, '2023-05-30'),
(2754, '11:30:00', 0, 19, '2023-05-30'),
(2755, '12:30:00', 1, 19, '2023-05-30'),
(2756, '14:30:00', 1, 19, '2023-05-30'),
(2757, '15:30:00', 1, 19, '2023-05-30'),
(2758, '16:30:00', 0, 19, '2023-05-30'),
(2759, '09:30:00', 1, 20, '2023-05-30'),
(2760, '10:30:00', 0, 20, '2023-05-30'),
(2761, '11:30:00', 0, 20, '2023-05-30'),
(2762, '12:30:00', 1, 20, '2023-05-30'),
(2763, '14:30:00', 1, 20, '2023-05-30'),
(2764, '15:30:00', 1, 20, '2023-05-30'),
(2765, '16:30:00', 0, 20, '2023-05-30'),
(2766, '09:30:00', 1, 21, '2023-05-30'),
(2767, '10:30:00', 1, 21, '2023-05-30'),
(2768, '11:30:00', 0, 21, '2023-05-30'),
(2769, '12:30:00', 0, 21, '2023-05-30'),
(2770, '14:30:00', 1, 21, '2023-05-30'),
(2771, '15:30:00', 0, 21, '2023-05-30'),
(2772, '16:30:00', 1, 21, '2023-05-30'),
(2773, '09:30:00', 1, 22, '2023-05-30'),
(2774, '10:30:00', 1, 22, '2023-05-30'),
(2775, '11:30:00', 1, 22, '2023-05-30'),
(2776, '12:30:00', 0, 22, '2023-05-30'),
(2777, '14:30:00', 1, 22, '2023-05-30'),
(2778, '15:30:00', 1, 22, '2023-05-30'),
(2779, '16:30:00', 0, 22, '2023-05-30'),
(2780, '09:30:00', 1, 23, '2023-05-30'),
(2781, '10:30:00', 1, 23, '2023-05-30'),
(2782, '11:30:00', 1, 23, '2023-05-30'),
(2783, '12:30:00', 1, 23, '2023-05-30'),
(2784, '14:30:00', 0, 23, '2023-05-30'),
(2785, '15:30:00', 0, 23, '2023-05-30'),
(2786, '16:30:00', 0, 23, '2023-05-30'),
(2787, '09:30:00', 1, 24, '2023-05-30'),
(2788, '10:30:00', 1, 24, '2023-05-30'),
(2789, '11:30:00', 1, 24, '2023-05-30'),
(2790, '12:30:00', 1, 24, '2023-05-30'),
(2791, '14:30:00', 0, 24, '2023-05-30'),
(2792, '15:30:00', 0, 24, '2023-05-30'),
(2793, '16:30:00', 1, 24, '2023-05-30'),
(2794, '09:30:00', 1, 25, '2023-05-30'),
(2795, '10:30:00', 1, 25, '2023-05-30'),
(2796, '11:30:00', 1, 25, '2023-05-30'),
(2797, '12:30:00', 1, 25, '2023-05-30'),
(2798, '14:30:00', 0, 25, '2023-05-30'),
(2799, '15:30:00', 0, 25, '2023-05-30'),
(2800, '16:30:00', 0, 25, '2023-05-30'),
(2801, '09:30:00', 1, 26, '2023-05-30'),
(2802, '10:30:00', 1, 26, '2023-05-30'),
(2803, '11:30:00', 1, 26, '2023-05-30'),
(2804, '12:30:00', 0, 26, '2023-05-30'),
(2805, '14:30:00', 1, 26, '2023-05-30'),
(2806, '15:30:00', 0, 26, '2023-05-30'),
(2807, '16:30:00', 0, 26, '2023-05-30'),
(2808, '09:30:00', 0, 27, '2023-05-30'),
(2809, '10:30:00', 1, 27, '2023-05-30'),
(2810, '11:30:00', 0, 27, '2023-05-30'),
(2811, '12:30:00', 1, 27, '2023-05-30'),
(2812, '14:30:00', 1, 27, '2023-05-30'),
(2813, '15:30:00', 0, 27, '2023-05-30'),
(2814, '16:30:00', 1, 27, '2023-05-30'),
(2815, '09:30:00', 0, 28, '2023-05-30'),
(2816, '10:30:00', 1, 28, '2023-05-30'),
(2817, '11:30:00', 0, 28, '2023-05-30'),
(2818, '12:30:00', 1, 28, '2023-05-30'),
(2819, '14:30:00', 1, 28, '2023-05-30'),
(2820, '15:30:00', 1, 28, '2023-05-30'),
(2821, '16:30:00', 0, 28, '2023-05-30'),
(2822, '09:30:00', 1, 29, '2023-05-30'),
(2823, '10:30:00', 1, 29, '2023-05-30'),
(2824, '11:30:00', 1, 29, '2023-05-30'),
(2825, '12:30:00', 1, 29, '2023-05-30'),
(2826, '14:30:00', 1, 29, '2023-05-30'),
(2827, '15:30:00', 0, 29, '2023-05-30'),
(2828, '16:30:00', 0, 29, '2023-05-30'),
(2829, '09:30:00', 0, 30, '2023-05-30'),
(2830, '10:30:00', 1, 30, '2023-05-30'),
(2831, '11:30:00', 1, 30, '2023-05-30'),
(2832, '12:30:00', 0, 30, '2023-05-30'),
(2833, '14:30:00', 1, 30, '2023-05-30'),
(2834, '15:30:00', 1, 30, '2023-05-30'),
(2835, '16:30:00', 0, 30, '2023-05-30'),
(2836, '09:30:00', 0, 31, '2023-05-30'),
(2837, '10:30:00', 1, 31, '2023-05-30'),
(2838, '11:30:00', 0, 31, '2023-05-30'),
(2839, '12:30:00', 1, 31, '2023-05-30'),
(2840, '14:30:00', 1, 31, '2023-05-30'),
(2841, '15:30:00', 0, 31, '2023-05-30'),
(2842, '16:30:00', 0, 31, '2023-05-30'),
(2843, '09:30:00', 1, 32, '2023-05-30'),
(2844, '10:30:00', 1, 32, '2023-05-30'),
(2845, '11:30:00', 1, 32, '2023-05-30'),
(2846, '12:30:00', 0, 32, '2023-05-30'),
(2847, '14:30:00', 0, 32, '2023-05-30'),
(2848, '15:30:00', 1, 32, '2023-05-30'),
(2849, '16:30:00', 1, 32, '2023-05-30'),
(2850, '09:30:00', 0, 33, '2023-05-30'),
(2851, '10:30:00', 1, 33, '2023-05-30'),
(2852, '11:30:00', 1, 33, '2023-05-30'),
(2853, '12:30:00', 0, 33, '2023-05-30'),
(2854, '14:30:00', 1, 33, '2023-05-30'),
(2855, '15:30:00', 1, 33, '2023-05-30'),
(2856, '16:30:00', 0, 33, '2023-05-30'),
(2857, '09:30:00', 1, 34, '2023-05-30'),
(2858, '10:30:00', 1, 34, '2023-05-30'),
(2859, '11:30:00', 0, 34, '2023-05-30'),
(2860, '12:30:00', 0, 34, '2023-05-30'),
(2861, '14:30:00', 1, 34, '2023-05-30'),
(2862, '15:30:00', 1, 34, '2023-05-30'),
(2863, '16:30:00', 1, 34, '2023-05-30'),
(2864, '09:30:00', 1, 35, '2023-05-30'),
(2865, '10:30:00', 0, 35, '2023-05-30'),
(2866, '11:30:00', 1, 35, '2023-05-30'),
(2867, '12:30:00', 1, 35, '2023-05-30'),
(2868, '14:30:00', 0, 35, '2023-05-30'),
(2869, '15:30:00', 1, 35, '2023-05-30'),
(2870, '16:30:00', 1, 35, '2023-05-30'),
(2871, '09:30:00', 0, 36, '2023-05-30'),
(2872, '10:30:00', 0, 36, '2023-05-30'),
(2873, '11:30:00', 1, 36, '2023-05-30'),
(2874, '12:30:00', 1, 36, '2023-05-30'),
(2875, '14:30:00', 1, 36, '2023-05-30'),
(2876, '15:30:00', 0, 36, '2023-05-30'),
(2877, '16:30:00', 1, 36, '2023-05-30'),
(2878, '09:30:00', 0, 37, '2023-05-30'),
(2879, '10:30:00', 1, 37, '2023-05-30'),
(2880, '11:30:00', 1, 37, '2023-05-30'),
(2881, '12:30:00', 1, 37, '2023-05-30'),
(2882, '14:30:00', 0, 37, '2023-05-30'),
(2883, '15:30:00', 0, 37, '2023-05-30'),
(2884, '16:30:00', 1, 37, '2023-05-30'),
(2885, '09:30:00', 0, 38, '2023-05-30'),
(2886, '10:30:00', 1, 38, '2023-05-30'),
(2887, '11:30:00', 1, 38, '2023-05-30'),
(2888, '12:30:00', 1, 38, '2023-05-30'),
(2889, '14:30:00', 0, 38, '2023-05-30'),
(2890, '15:30:00', 1, 38, '2023-05-30'),
(2891, '16:30:00', 1, 38, '2023-05-30'),
(2892, '09:30:00', 0, 39, '2023-05-30'),
(2893, '10:30:00', 1, 39, '2023-05-30'),
(2894, '11:30:00', 0, 39, '2023-05-30'),
(2895, '12:30:00', 1, 39, '2023-05-30'),
(2896, '14:30:00', 1, 39, '2023-05-30'),
(2897, '15:30:00', 1, 39, '2023-05-30'),
(2898, '16:30:00', 1, 39, '2023-05-30'),
(2899, '09:30:00', 0, 40, '2023-05-30'),
(2900, '10:30:00', 0, 40, '2023-05-30'),
(2901, '11:30:00', 1, 40, '2023-05-30'),
(2902, '12:30:00', 1, 40, '2023-05-30'),
(2903, '14:30:00', 0, 40, '2023-05-30'),
(2904, '15:30:00', 1, 40, '2023-05-30'),
(2905, '16:30:00', 1, 40, '2023-05-30'),
(2906, '09:30:00', 0, 41, '2023-05-30'),
(2907, '10:30:00', 0, 41, '2023-05-30'),
(2908, '11:30:00', 1, 41, '2023-05-30'),
(2909, '12:30:00', 1, 41, '2023-05-30'),
(2910, '14:30:00', 0, 41, '2023-05-30'),
(2911, '15:30:00', 1, 41, '2023-05-30'),
(2912, '16:30:00', 1, 42, '2023-05-30'),
(2913, '09:30:00', 0, 42, '2023-05-30'),
(2914, '10:30:00', 1, 42, '2023-05-30'),
(2915, '11:30:00', 1, 42, '2023-05-30'),
(2916, '12:30:00', 0, 42, '2023-05-30'),
(2917, '14:30:00', 0, 42, '2023-05-30'),
(2918, '15:30:00', 1, 42, '2023-05-30'),
(2919, '16:30:00', 1, 42, '2023-05-30'),
(2920, '09:30:00', 0, 43, '2023-05-30'),
(2921, '10:30:00', 1, 43, '2023-05-30'),
(2922, '11:30:00', 1, 43, '2023-05-30'),
(2923, '12:30:00', 0, 43, '2023-05-30'),
(2924, '14:30:00', 1, 43, '2023-05-30'),
(2925, '15:30:00', 1, 43, '2023-05-30'),
(2926, '16:30:00', 0, 43, '2023-05-30'),
(2927, '09:30:00', 1, 44, '2023-05-30'),
(2928, '10:30:00', 1, 44, '2023-05-30'),
(2929, '11:30:00', 1, 44, '2023-05-30'),
(2930, '12:30:00', 0, 44, '2023-05-30'),
(2931, '14:30:00', 0, 44, '2023-05-30'),
(2932, '15:30:00', 1, 44, '2023-05-30'),
(2933, '16:30:00', 0, 44, '2023-05-30'),
(2934, '09:30:00', 0, 45, '2023-05-30'),
(2935, '10:30:00', 1, 45, '2023-05-30'),
(2936, '11:30:00', 1, 45, '2023-05-30'),
(2937, '12:30:00', 0, 45, '2023-05-30'),
(2938, '14:30:00', 0, 45, '2023-05-30'),
(2939, '15:30:00', 0, 45, '2023-05-30'),
(2940, '16:30:00', 1, 45, '2023-05-30'),
(2941, '09:30:00', 0, 46, '2023-05-30'),
(2942, '10:30:00', 1, 46, '2023-05-30'),
(2943, '11:30:00', 1, 46, '2023-05-30'),
(2944, '12:30:00', 1, 46, '2023-05-30'),
(2945, '14:30:00', 0, 46, '2023-05-30'),
(2946, '15:30:00', 1, 46, '2023-05-30'),
(2947, '16:30:00', 0, 46, '2023-05-30'),
(2948, '09:30:00', 0, 47, '2023-05-30'),
(2949, '10:30:00', 1, 47, '2023-05-30'),
(2950, '11:30:00', 1, 47, '2023-05-30'),
(2951, '12:30:00', 0, 47, '2023-05-30'),
(2952, '14:30:00', 1, 47, '2023-05-30'),
(2953, '15:30:00', 1, 47, '2023-05-30'),
(2954, '16:30:00', 0, 47, '2023-05-30'),
(2955, '09:30:00', 0, 48, '2023-05-30'),
(2956, '10:30:00', 1, 48, '2023-05-30'),
(2957, '11:30:00', 1, 48, '2023-05-30'),
(2958, '12:30:00', 0, 48, '2023-05-30'),
(2959, '14:30:00', 0, 48, '2023-05-30'),
(2960, '15:30:00', 1, 48, '2023-05-30'),
(2961, '16:30:00', 1, 48, '2023-05-30'),
(2962, '09:30:00', 0, 49, '2023-05-30'),
(2963, '10:30:00', 1, 49, '2023-05-30'),
(2964, '11:30:00', 1, 49, '2023-05-30'),
(2965, '12:30:00', 0, 49, '2023-05-30'),
(2966, '14:30:00', 1, 49, '2023-05-30'),
(2967, '15:30:00', 1, 49, '2023-05-30'),
(2968, '16:30:00', 0, 49, '2023-05-30'),
(2969, '09:30:00', 1, 50, '2023-05-30'),
(2970, '10:30:00', 1, 50, '2023-05-30'),
(2971, '11:30:00', 1, 50, '2023-05-30'),
(2972, '12:30:00', 0, 50, '2023-05-30'),
(2973, '14:30:00', 0, 50, '2023-05-30'),
(2974, '15:30:00', 1, 50, '2023-05-30'),
(2975, '16:30:00', 1, 50, '2023-05-30'),
(2976, '09:30:00', 0, 51, '2023-05-30'),
(2977, '10:30:00', 1, 51, '2023-05-30'),
(2978, '11:30:00', 1, 51, '2023-05-30'),
(2979, '12:30:00', 0, 51, '2023-05-30'),
(2980, '14:30:00', 1, 51, '2023-05-30'),
(2981, '15:30:00', 0, 51, '2023-05-30'),
(2982, '16:30:00', 0, 51, '2023-05-30'),
(2983, '09:30:00', 1, 52, '2023-05-30'),
(2984, '10:30:00', 1, 52, '2023-05-30'),
(2985, '11:30:00', 1, 52, '2023-05-30'),
(2986, '12:30:00', 0, 52, '2023-05-30'),
(2987, '14:30:00', 0, 52, '2023-05-30'),
(2988, '15:30:00', 0, 52, '2023-05-30'),
(2989, '16:30:00', 0, 52, '2023-05-30'),
(2990, '09:30:00', 0, 53, '2023-05-30'),
(2991, '10:30:00', 1, 53, '2023-05-30'),
(2992, '11:30:00', 1, 53, '2023-05-30'),
(2993, '12:30:00', 0, 53, '2023-05-30'),
(2994, '14:30:00', 0, 53, '2023-05-30'),
(2995, '15:30:00', 1, 53, '2023-05-30'),
(2996, '16:30:00', 1, 53, '2023-05-30'),
(2997, '09:30:00', 1, 54, '2023-05-30'),
(2998, '10:30:00', 1, 54, '2023-05-30'),
(2999, '11:30:00', 1, 54, '2023-05-30'),
(3000, '12:30:00', 0, 54, '2023-05-30'),
(3001, '14:30:00', 0, 54, '2023-05-30'),
(3002, '15:30:00', 1, 54, '2023-05-30'),
(3003, '16:30:00', 0, 54, '2023-05-30'),
(3004, '09:30:00', 1, 55, '2023-05-30'),
(3005, '10:30:00', 1, 55, '2023-05-30'),
(3006, '11:30:00', 1, 55, '2023-05-30'),
(3007, '12:30:00', 0, 55, '2023-05-30'),
(3008, '14:30:00', 0, 55, '2023-05-30'),
(3009, '15:30:00', 1, 55, '2023-05-30'),
(3010, '16:30:00', 1, 55, '2023-05-30'),
(3011, '09:30:00', 0, 56, '2023-05-30'),
(3012, '10:30:00', 1, 56, '2023-05-30'),
(3013, '11:30:00', 1, 56, '2023-05-30'),
(3014, '12:30:00', 0, 56, '2023-05-30'),
(3015, '14:30:00', 0, 56, '2023-05-30'),
(3016, '15:30:00', 1, 56, '2023-05-30'),
(3017, '16:30:00', 1, 56, '2023-05-30'),
(3018, '09:30:00', 0, 57, '2023-05-30'),
(3019, '10:30:00', 1, 57, '2023-05-30'),
(3020, '11:30:00', 1, 57, '2023-05-30'),
(3021, '12:30:00', 1, 57, '2023-05-30'),
(3022, '14:30:00', 1, 57, '2023-05-30'),
(3023, '15:30:00', 0, 57, '2023-05-30'),
(3024, '16:30:00', 0, 57, '2023-05-30'),
(3025, '09:30:00', 0, 58, '2023-05-30'),
(3026, '10:30:00', 1, 58, '2023-05-30'),
(3027, '11:30:00', 1, 58, '2023-05-30'),
(3028, '12:30:00', 1, 58, '2023-05-30'),
(3029, '14:30:00', 0, 58, '2023-05-30'),
(3030, '15:30:00', 0, 58, '2023-05-30'),
(3031, '16:30:00', 1, 58, '2023-05-30'),
(3032, '09:30:00', 1, 59, '2023-05-30'),
(3033, '10:30:00', 1, 59, '2023-05-30'),
(3034, '11:30:00', 1, 59, '2023-05-30'),
(3035, '12:30:00', 1, 59, '2023-05-30'),
(3036, '14:30:00', 0, 59, '2023-05-30'),
(3037, '15:30:00', 0, 59, '2023-05-30'),
(3038, '16:30:00', 0, 59, '2023-05-30'),
(3039, '09:30:00', 1, 60, '2023-05-30'),
(3040, '10:30:00', 1, 60, '2023-05-30'),
(3041, '11:30:00', 1, 60, '2023-05-30'),
(3042, '12:30:00', 0, 60, '2023-05-30'),
(3043, '14:30:00', 0, 60, '2023-05-30'),
(3044, '15:30:00', 0, 60, '2023-05-30'),
(3045, '16:30:00', 1, 60, '2023-05-30'),
(3046, '09:30:00', 0, 61, '2023-05-30'),
(3047, '10:30:00', 1, 61, '2023-05-30'),
(3048, '11:30:00', 1, 61, '2023-05-30'),
(3049, '12:30:00', 0, 61, '2023-05-30'),
(3050, '14:30:00', 1, 61, '2023-05-30'),
(3051, '15:30:00', 0, 61, '2023-05-30'),
(3052, '16:30:00', 0, 61, '2023-05-30'),
(3053, '09:30:00', 0, 62, '2023-05-30'),
(3054, '10:30:00', 1, 62, '2023-05-30'),
(3055, '11:30:00', 1, 62, '2023-05-30'),
(3056, '12:30:00', 0, 62, '2023-05-30'),
(3057, '14:30:00', 0, 62, '2023-05-30'),
(3058, '15:30:00', 1, 62, '2023-05-30'),
(3059, '16:30:00', 1, 62, '2023-05-30'),
(3060, '09:30:00', 0, 63, '2023-05-30'),
(3061, '10:30:00', 1, 63, '2023-05-30'),
(3062, '11:30:00', 1, 63, '2023-05-30'),
(3063, '12:30:00', 1, 63, '2023-05-30'),
(3064, '14:30:00', 0, 63, '2023-05-30'),
(3065, '15:30:00', 1, 63, '2023-05-30'),
(3066, '16:30:00', 0, 63, '2023-05-30'),
(3067, '09:30:00', 0, 64, '2023-05-30'),
(3068, '10:30:00', 1, 64, '2023-05-30'),
(3069, '11:30:00', 1, 64, '2023-05-30'),
(3070, '12:30:00', 1, 64, '2023-05-30'),
(3071, '14:30:00', 0, 64, '2023-05-30'),
(3072, '15:30:00', 1, 64, '2023-05-30'),
(3073, '16:30:00', 0, 64, '2023-05-30'),
(3074, '09:30:00', 0, 65, '2023-05-30'),
(3075, '10:30:00', 1, 65, '2023-05-30'),
(3076, '11:30:00', 1, 65, '2023-05-30'),
(3077, '12:30:00', 0, 65, '2023-05-30'),
(3078, '14:30:00', 0, 65, '2023-05-30'),
(3079, '15:30:00', 1, 65, '2023-05-30'),
(3080, '16:30:00', 0, 65, '2023-05-30'),
(3081, '09:30:00', 0, 66, '2023-05-30'),
(3082, '10:30:00', 1, 66, '2023-05-30'),
(3083, '11:30:00', 1, 66, '2023-05-30'),
(3084, '12:30:00', 0, 66, '2023-05-30'),
(3085, '14:30:00', 1, 66, '2023-05-30'),
(3086, '15:30:00', 1, 66, '2023-05-30'),
(3087, '16:30:00', 0, 66, '2023-05-30'),
(3088, '09:30:00', 1, 67, '2023-05-30'),
(3089, '10:30:00', 1, 67, '2023-05-30'),
(3090, '11:30:00', 1, 67, '2023-05-30'),
(3091, '12:30:00', 0, 67, '2023-05-30'),
(3092, '14:30:00', 1, 67, '2023-05-30'),
(3093, '15:30:00', 1, 67, '2023-05-30'),
(3094, '16:30:00', 0, 67, '2023-05-30'),
(3095, '09:30:00', 0, 68, '2023-05-30'),
(3096, '10:30:00', 1, 68, '2023-05-30'),
(3097, '11:30:00', 1, 68, '2023-05-30'),
(3098, '12:30:00', 1, 68, '2023-05-30'),
(3099, '14:30:00', 1, 68, '2023-05-30'),
(3100, '15:30:00', 0, 68, '2023-05-30'),
(3101, '16:30:00', 0, 68, '2023-05-30'),
(3102, '09:30:00', 0, 69, '2023-05-30'),
(3103, '10:30:00', 1, 69, '2023-05-30'),
(3104, '11:30:00', 1, 69, '2023-05-30'),
(3105, '12:30:00', 0, 69, '2023-05-30'),
(3106, '14:30:00', 1, 69, '2023-05-30'),
(3107, '15:30:00', 1, 69, '2023-05-30'),
(3108, '16:30:00', 0, 69, '2023-05-30'),
(3109, '09:30:00', 0, 70, '2023-05-30'),
(3110, '10:30:00', 1, 70, '2023-05-30'),
(3111, '11:30:00', 1, 70, '2023-05-30'),
(3112, '12:30:00', 0, 70, '2023-05-30'),
(3113, '14:30:00', 1, 70, '2023-05-30'),
(3114, '15:30:00', 1, 70, '2023-05-30'),
(3115, '16:30:00', 1, 70, '2023-05-30'),
(3116, '09:30:00', 1, 71, '2023-05-30'),
(3117, '10:30:00', 1, 71, '2023-05-30'),
(3118, '11:30:00', 1, 71, '2023-05-30'),
(3119, '12:30:00', 0, 71, '2023-05-30'),
(3120, '14:30:00', 0, 71, '2023-05-30'),
(3121, '15:30:00', 1, 71, '2023-05-30'),
(3122, '16:30:00', 0, 71, '2023-05-30'),
(3123, '09:30:00', 0, 72, '2023-05-30'),
(3124, '10:30:00', 1, 72, '2023-05-30'),
(3125, '11:30:00', 1, 72, '2023-05-30'),
(3126, '12:30:00', 0, 72, '2023-05-30'),
(3127, '14:30:00', 1, 72, '2023-05-30'),
(3128, '15:30:00', 1, 72, '2023-05-30'),
(3129, '16:30:00', 1, 72, '2023-05-30'),
(3130, '09:30:00', 0, 73, '2023-05-30'),
(3131, '10:30:00', 1, 73, '2023-05-30'),
(3132, '11:30:00', 1, 73, '2023-05-30'),
(3133, '12:30:00', 1, 73, '2023-05-30'),
(3134, '14:30:00', 1, 73, '2023-05-30'),
(3135, '15:30:00', 0, 73, '2023-05-30'),
(3136, '16:30:00', 0, 73, '2023-05-30'),
(3137, '09:30:00', 1, 74, '2023-05-30'),
(3138, '10:30:00', 0, 74, '2023-05-30'),
(3139, '11:30:00', 1, 74, '2023-05-30'),
(3140, '12:30:00', 0, 74, '2023-05-30'),
(3141, '14:30:00', 1, 74, '2023-05-30'),
(3142, '15:30:00', 1, 74, '2023-05-30'),
(3143, '16:30:00', 0, 74, '2023-05-30'),
(3144, '09:30:00', 1, 75, '2023-05-30'),
(3145, '10:30:00', 1, 75, '2023-05-30'),
(3146, '11:30:00', 1, 75, '2023-05-30'),
(3147, '12:30:00', 0, 75, '2023-05-30'),
(3148, '14:30:00', 1, 75, '2023-05-30'),
(3149, '15:30:00', 1, 75, '2023-05-30'),
(3150, '16:30:00', 1, 75, '2023-05-30'),
(3151, '09:30:00', 1, 1, '2023-05-31'),
(3152, '10:30:00', 1, 1, '2023-05-31'),
(3153, '11:30:00', 1, 1, '2023-05-31'),
(3154, '12:30:00', 1, 1, '2023-05-31'),
(3155, '14:30:00', 1, 1, '2023-05-31'),
(3156, '15:30:00', 1, 1, '2023-05-31'),
(3157, '16:30:00', 1, 1, '2023-05-31'),
(3158, '09:30:00', 1, 2, '2023-05-31'),
(3159, '10:30:00', 1, 2, '2023-05-31'),
(3160, '11:30:00', 1, 2, '2023-05-31'),
(3161, '12:30:00', 1, 2, '2023-05-31'),
(3162, '14:30:00', 1, 2, '2023-05-31'),
(3163, '15:30:00', 1, 2, '2023-05-31'),
(3164, '16:30:00', 1, 2, '2023-05-31'),
(3165, '09:30:00', 1, 3, '2023-05-31'),
(3166, '10:30:00', 1, 3, '2023-05-31'),
(3167, '11:30:00', 1, 3, '2023-05-31'),
(3168, '12:30:00', 1, 3, '2023-05-31'),
(3169, '14:30:00', 1, 3, '2023-05-31'),
(3170, '15:30:00', 1, 3, '2023-05-31'),
(3171, '16:30:00', 1, 3, '2023-05-31'),
(3172, '09:30:00', 1, 4, '2023-05-31'),
(3173, '10:30:00', 1, 4, '2023-05-31'),
(3174, '11:30:00', 1, 4, '2023-05-31'),
(3175, '12:30:00', 1, 4, '2023-05-31'),
(3176, '14:30:00', 1, 4, '2023-05-31'),
(3177, '15:30:00', 1, 4, '2023-05-31'),
(3178, '16:30:00', 1, 4, '2023-05-31'),
(3179, '09:30:00', 1, 5, '2023-05-31'),
(3180, '10:30:00', 1, 5, '2023-05-31'),
(3181, '11:30:00', 1, 5, '2023-05-31'),
(3182, '12:30:00', 1, 5, '2023-05-31'),
(3183, '14:30:00', 1, 5, '2023-05-31'),
(3184, '15:30:00', 1, 5, '2023-05-31'),
(3185, '16:30:00', 1, 5, '2023-05-31'),
(3186, '09:30:00', 1, 6, '2023-05-31'),
(3187, '10:30:00', 1, 6, '2023-05-31'),
(3188, '11:30:00', 1, 6, '2023-05-31'),
(3189, '12:30:00', 1, 6, '2023-05-31'),
(3190, '14:30:00', 1, 6, '2023-05-31'),
(3191, '15:30:00', 1, 6, '2023-05-31'),
(3192, '16:30:00', 1, 6, '2023-05-31'),
(3193, '09:30:00', 1, 7, '2023-05-31'),
(3194, '10:30:00', 1, 7, '2023-05-31'),
(3195, '11:30:00', 1, 7, '2023-05-31'),
(3196, '12:30:00', 1, 7, '2023-05-31'),
(3197, '14:30:00', 1, 7, '2023-05-31'),
(3198, '15:30:00', 1, 7, '2023-05-31'),
(3199, '16:30:00', 1, 7, '2023-05-31'),
(3200, '09:30:00', 1, 8, '2023-05-31'),
(3201, '10:30:00', 1, 8, '2023-05-31'),
(3202, '11:30:00', 1, 8, '2023-05-31'),
(3203, '12:30:00', 1, 8, '2023-05-31'),
(3204, '14:30:00', 1, 8, '2023-05-31'),
(3205, '15:30:00', 1, 8, '2023-05-31'),
(3206, '16:30:00', 1, 8, '2023-05-31'),
(3207, '09:30:00', 1, 9, '2023-05-31'),
(3208, '10:30:00', 1, 9, '2023-05-31'),
(3209, '11:30:00', 1, 9, '2023-05-31'),
(3210, '12:30:00', 1, 9, '2023-05-31'),
(3211, '14:30:00', 1, 9, '2023-05-31'),
(3212, '15:30:00', 1, 9, '2023-05-31'),
(3213, '16:30:00', 1, 9, '2023-05-31'),
(3214, '09:30:00', 1, 10, '2023-05-31'),
(3215, '10:30:00', 1, 10, '2023-05-31'),
(3216, '11:30:00', 1, 10, '2023-05-31'),
(3217, '12:30:00', 1, 10, '2023-05-31'),
(3218, '14:30:00', 1, 10, '2023-05-31'),
(3219, '15:30:00', 1, 10, '2023-05-31'),
(3220, '16:30:00', 1, 10, '2023-05-31'),
(3221, '09:30:00', 1, 11, '2023-05-31'),
(3222, '10:30:00', 1, 11, '2023-05-31'),
(3223, '11:30:00', 1, 11, '2023-05-31'),
(3224, '12:30:00', 1, 11, '2023-05-31'),
(3225, '14:30:00', 1, 11, '2023-05-31'),
(3226, '15:30:00', 1, 11, '2023-05-31'),
(3227, '16:30:00', 1, 11, '2023-05-31'),
(3228, '09:30:00', 1, 12, '2023-05-31'),
(3229, '10:30:00', 1, 12, '2023-05-31'),
(3230, '11:30:00', 1, 12, '2023-05-31'),
(3231, '12:30:00', 1, 12, '2023-05-31'),
(3232, '14:30:00', 1, 12, '2023-05-31'),
(3233, '15:30:00', 1, 12, '2023-05-31'),
(3234, '16:30:00', 1, 12, '2023-05-31'),
(3235, '09:30:00', 1, 13, '2023-05-31'),
(3236, '10:30:00', 1, 13, '2023-05-31'),
(3237, '11:30:00', 1, 13, '2023-05-31'),
(3238, '12:30:00', 1, 13, '2023-05-31'),
(3239, '14:30:00', 1, 13, '2023-05-31'),
(3240, '15:30:00', 1, 13, '2023-05-31'),
(3241, '16:30:00', 1, 13, '2023-05-31'),
(3242, '09:30:00', 1, 14, '2023-05-31'),
(3243, '10:30:00', 1, 14, '2023-05-31'),
(3244, '11:30:00', 1, 14, '2023-05-31'),
(3245, '12:30:00', 1, 14, '2023-05-31'),
(3246, '14:30:00', 1, 14, '2023-05-31'),
(3247, '15:30:00', 1, 14, '2023-05-31'),
(3248, '16:30:00', 1, 14, '2023-05-31'),
(3249, '09:30:00', 1, 15, '2023-05-31'),
(3250, '10:30:00', 1, 15, '2023-05-31'),
(3251, '11:30:00', 1, 15, '2023-05-31'),
(3252, '12:30:00', 1, 15, '2023-05-31'),
(3253, '14:30:00', 1, 15, '2023-05-31'),
(3254, '15:30:00', 1, 15, '2023-05-31'),
(3255, '16:30:00', 1, 15, '2023-05-31'),
(3256, '09:30:00', 1, 16, '2023-05-31'),
(3257, '10:30:00', 1, 16, '2023-05-31'),
(3258, '11:30:00', 1, 16, '2023-05-31'),
(3259, '12:30:00', 1, 16, '2023-05-31'),
(3260, '14:30:00', 1, 16, '2023-05-31'),
(3261, '15:30:00', 1, 16, '2023-05-31'),
(3262, '16:30:00', 1, 16, '2023-05-31'),
(3263, '09:30:00', 1, 17, '2023-05-31'),
(3264, '10:30:00', 1, 17, '2023-05-31'),
(3265, '11:30:00', 1, 17, '2023-05-31'),
(3266, '12:30:00', 1, 17, '2023-05-31'),
(3267, '14:30:00', 1, 17, '2023-05-31'),
(3268, '15:30:00', 1, 17, '2023-05-31'),
(3269, '16:30:00', 1, 17, '2023-05-31'),
(3270, '09:30:00', 1, 18, '2023-05-31'),
(3271, '10:30:00', 1, 18, '2023-05-31'),
(3272, '11:30:00', 1, 18, '2023-05-31'),
(3273, '12:30:00', 1, 18, '2023-05-31'),
(3274, '14:30:00', 1, 18, '2023-05-31'),
(3275, '15:30:00', 1, 18, '2023-05-31'),
(3276, '16:30:00', 1, 18, '2023-05-31'),
(3277, '09:30:00', 1, 19, '2023-05-31'),
(3278, '10:30:00', 1, 19, '2023-05-31'),
(3279, '11:30:00', 1, 19, '2023-05-31'),
(3280, '12:30:00', 1, 19, '2023-05-31'),
(3281, '14:30:00', 1, 19, '2023-05-31'),
(3282, '15:30:00', 1, 19, '2023-05-31'),
(3283, '16:30:00', 1, 19, '2023-05-31'),
(3284, '09:30:00', 1, 20, '2023-05-31'),
(3285, '10:30:00', 1, 20, '2023-05-31'),
(3286, '11:30:00', 1, 20, '2023-05-31'),
(3287, '12:30:00', 1, 20, '2023-05-31'),
(3288, '14:30:00', 1, 20, '2023-05-31'),
(3289, '15:30:00', 1, 20, '2023-05-31'),
(3290, '16:30:00', 1, 20, '2023-05-31'),
(3291, '09:30:00', 1, 21, '2023-05-31'),
(3292, '10:30:00', 1, 21, '2023-05-31'),
(3293, '11:30:00', 1, 21, '2023-05-31'),
(3294, '12:30:00', 1, 21, '2023-05-31'),
(3295, '14:30:00', 1, 21, '2023-05-31'),
(3296, '15:30:00', 1, 21, '2023-05-31'),
(3297, '16:30:00', 1, 21, '2023-05-31'),
(3298, '09:30:00', 1, 22, '2023-05-31'),
(3299, '10:30:00', 1, 22, '2023-05-31'),
(3300, '11:30:00', 1, 22, '2023-05-31'),
(3301, '12:30:00', 1, 22, '2023-05-31'),
(3302, '14:30:00', 1, 22, '2023-05-31'),
(3303, '15:30:00', 1, 22, '2023-05-31'),
(3304, '16:30:00', 1, 22, '2023-05-31'),
(3305, '09:30:00', 1, 23, '2023-05-31'),
(3306, '10:30:00', 1, 23, '2023-05-31'),
(3307, '11:30:00', 1, 23, '2023-05-31'),
(3308, '12:30:00', 1, 23, '2023-05-31'),
(3309, '14:30:00', 1, 23, '2023-05-31'),
(3310, '15:30:00', 1, 23, '2023-05-31'),
(3311, '16:30:00', 1, 23, '2023-05-31'),
(3312, '09:30:00', 1, 24, '2023-05-31'),
(3313, '10:30:00', 1, 24, '2023-05-31'),
(3314, '11:30:00', 1, 24, '2023-05-31'),
(3315, '12:30:00', 1, 24, '2023-05-31'),
(3316, '14:30:00', 1, 24, '2023-05-31'),
(3317, '15:30:00', 1, 24, '2023-05-31'),
(3318, '16:30:00', 1, 24, '2023-05-31'),
(3319, '09:30:00', 1, 25, '2023-05-31'),
(3320, '10:30:00', 1, 25, '2023-05-31'),
(3321, '11:30:00', 1, 25, '2023-05-31'),
(3322, '12:30:00', 1, 25, '2023-05-31'),
(3323, '14:30:00', 1, 25, '2023-05-31'),
(3324, '15:30:00', 1, 25, '2023-05-31'),
(3325, '16:30:00', 1, 25, '2023-05-31'),
(3326, '09:30:00', 1, 26, '2023-05-31'),
(3327, '10:30:00', 1, 26, '2023-05-31'),
(3328, '11:30:00', 1, 26, '2023-05-31'),
(3329, '12:30:00', 1, 26, '2023-05-31'),
(3330, '14:30:00', 1, 26, '2023-05-31'),
(3331, '15:30:00', 1, 26, '2023-05-31'),
(3332, '16:30:00', 1, 26, '2023-05-31'),
(3333, '09:30:00', 1, 27, '2023-05-31'),
(3334, '10:30:00', 1, 27, '2023-05-31'),
(3335, '11:30:00', 1, 27, '2023-05-31'),
(3336, '12:30:00', 1, 27, '2023-05-31'),
(3337, '14:30:00', 1, 27, '2023-05-31'),
(3338, '15:30:00', 1, 27, '2023-05-31'),
(3339, '16:30:00', 1, 27, '2023-05-31'),
(3340, '09:30:00', 1, 28, '2023-05-31'),
(3341, '10:30:00', 1, 28, '2023-05-31'),
(3342, '11:30:00', 1, 28, '2023-05-31'),
(3343, '12:30:00', 1, 28, '2023-05-31'),
(3344, '14:30:00', 1, 28, '2023-05-31'),
(3345, '15:30:00', 1, 28, '2023-05-31'),
(3346, '16:30:00', 1, 28, '2023-05-31'),
(3347, '09:30:00', 1, 29, '2023-05-31'),
(3348, '10:30:00', 1, 29, '2023-05-31'),
(3349, '11:30:00', 1, 29, '2023-05-31'),
(3350, '12:30:00', 1, 29, '2023-05-31'),
(3351, '14:30:00', 1, 29, '2023-05-31'),
(3352, '15:30:00', 1, 29, '2023-05-31'),
(3353, '16:30:00', 1, 29, '2023-05-31'),
(3354, '09:30:00', 1, 30, '2023-05-31'),
(3355, '10:30:00', 1, 30, '2023-05-31'),
(3356, '11:30:00', 1, 30, '2023-05-31'),
(3357, '12:30:00', 1, 30, '2023-05-31'),
(3358, '14:30:00', 1, 30, '2023-05-31'),
(3359, '15:30:00', 1, 30, '2023-05-31'),
(3360, '16:30:00', 1, 30, '2023-05-31'),
(3361, '09:30:00', 1, 31, '2023-05-31'),
(3362, '10:30:00', 1, 31, '2023-05-31'),
(3363, '11:30:00', 1, 31, '2023-05-31'),
(3364, '12:30:00', 1, 31, '2023-05-31'),
(3365, '14:30:00', 1, 31, '2023-05-31'),
(3366, '15:30:00', 1, 31, '2023-05-31'),
(3367, '16:30:00', 1, 31, '2023-05-31'),
(3368, '09:30:00', 1, 32, '2023-05-31'),
(3369, '10:30:00', 1, 32, '2023-05-31'),
(3370, '11:30:00', 1, 32, '2023-05-31'),
(3371, '12:30:00', 1, 32, '2023-05-31'),
(3372, '14:30:00', 1, 32, '2023-05-31'),
(3373, '15:30:00', 1, 32, '2023-05-31'),
(3374, '16:30:00', 1, 32, '2023-05-31'),
(3375, '09:30:00', 1, 33, '2023-05-31'),
(3376, '10:30:00', 1, 33, '2023-05-31'),
(3377, '11:30:00', 1, 33, '2023-05-31'),
(3378, '12:30:00', 1, 33, '2023-05-31'),
(3379, '14:30:00', 1, 33, '2023-05-31'),
(3380, '15:30:00', 1, 33, '2023-05-31'),
(3381, '16:30:00', 1, 33, '2023-05-31'),
(3382, '09:30:00', 1, 34, '2023-05-31'),
(3383, '10:30:00', 1, 34, '2023-05-31'),
(3384, '11:30:00', 1, 34, '2023-05-31'),
(3385, '12:30:00', 1, 34, '2023-05-31'),
(3386, '14:30:00', 1, 34, '2023-05-31'),
(3387, '15:30:00', 1, 34, '2023-05-31'),
(3388, '16:30:00', 1, 34, '2023-05-31'),
(3389, '09:30:00', 1, 35, '2023-05-31'),
(3390, '10:30:00', 1, 35, '2023-05-31'),
(3391, '11:30:00', 1, 35, '2023-05-31'),
(3392, '12:30:00', 1, 35, '2023-05-31'),
(3393, '14:30:00', 1, 35, '2023-05-31'),
(3394, '15:30:00', 1, 35, '2023-05-31'),
(3395, '16:30:00', 1, 35, '2023-05-31'),
(3396, '09:30:00', 1, 36, '2023-05-31'),
(3397, '10:30:00', 1, 36, '2023-05-31'),
(3398, '11:30:00', 1, 36, '2023-05-31'),
(3399, '12:30:00', 1, 36, '2023-05-31'),
(3400, '14:30:00', 1, 36, '2023-05-31');
INSERT INTO `calisma_saati` (`calisma_saati_id`, `calisma_saati`, `doluMu`, `doktor_id`, `calisma_tarihi`) VALUES
(3401, '15:30:00', 1, 36, '2023-05-31'),
(3402, '16:30:00', 1, 36, '2023-05-31'),
(3403, '09:30:00', 1, 37, '2023-05-31'),
(3404, '10:30:00', 1, 37, '2023-05-31'),
(3405, '11:30:00', 1, 37, '2023-05-31'),
(3406, '12:30:00', 1, 37, '2023-05-31'),
(3407, '14:30:00', 1, 37, '2023-05-31'),
(3408, '15:30:00', 1, 37, '2023-05-31'),
(3409, '16:30:00', 1, 37, '2023-05-31'),
(3410, '09:30:00', 1, 38, '2023-05-31'),
(3411, '10:30:00', 1, 38, '2023-05-31'),
(3412, '11:30:00', 1, 38, '2023-05-31'),
(3413, '12:30:00', 1, 38, '2023-05-31'),
(3414, '14:30:00', 1, 38, '2023-05-31'),
(3415, '15:30:00', 1, 38, '2023-05-31'),
(3416, '16:30:00', 1, 38, '2023-05-31'),
(3417, '09:30:00', 1, 39, '2023-05-31'),
(3418, '10:30:00', 1, 39, '2023-05-31'),
(3419, '11:30:00', 1, 39, '2023-05-31'),
(3420, '12:30:00', 1, 39, '2023-05-31'),
(3421, '14:30:00', 1, 39, '2023-05-31'),
(3422, '15:30:00', 1, 39, '2023-05-31'),
(3423, '16:30:00', 1, 39, '2023-05-31'),
(3424, '09:30:00', 1, 40, '2023-05-31'),
(3425, '10:30:00', 1, 40, '2023-05-31'),
(3426, '11:30:00', 1, 40, '2023-05-31'),
(3427, '12:30:00', 1, 40, '2023-05-31'),
(3428, '14:30:00', 1, 40, '2023-05-31'),
(3429, '15:30:00', 1, 40, '2023-05-31'),
(3430, '16:30:00', 1, 40, '2023-05-31'),
(3431, '09:30:00', 1, 41, '2023-05-31'),
(3432, '10:30:00', 1, 41, '2023-05-31'),
(3433, '11:30:00', 1, 41, '2023-05-31'),
(3434, '12:30:00', 1, 41, '2023-05-31'),
(3435, '14:30:00', 1, 41, '2023-05-31'),
(3436, '15:30:00', 1, 41, '2023-05-31'),
(3437, '16:30:00', 1, 42, '2023-05-31'),
(3438, '09:30:00', 1, 42, '2023-05-31'),
(3439, '10:30:00', 1, 42, '2023-05-31'),
(3440, '11:30:00', 1, 42, '2023-05-31'),
(3441, '12:30:00', 1, 42, '2023-05-31'),
(3442, '14:30:00', 1, 42, '2023-05-31'),
(3443, '15:30:00', 1, 42, '2023-05-31'),
(3444, '16:30:00', 1, 42, '2023-05-31'),
(3445, '09:30:00', 1, 43, '2023-05-31'),
(3446, '10:30:00', 1, 43, '2023-05-31'),
(3447, '11:30:00', 1, 43, '2023-05-31'),
(3448, '12:30:00', 1, 43, '2023-05-31'),
(3449, '14:30:00', 1, 43, '2023-05-31'),
(3450, '15:30:00', 1, 43, '2023-05-31'),
(3451, '16:30:00', 1, 43, '2023-05-31'),
(3452, '09:30:00', 1, 44, '2023-05-31'),
(3453, '10:30:00', 1, 44, '2023-05-31'),
(3454, '11:30:00', 1, 44, '2023-05-31'),
(3455, '12:30:00', 1, 44, '2023-05-31'),
(3456, '14:30:00', 1, 44, '2023-05-31'),
(3457, '15:30:00', 1, 44, '2023-05-31'),
(3458, '16:30:00', 1, 44, '2023-05-31'),
(3459, '09:30:00', 1, 45, '2023-05-31'),
(3460, '10:30:00', 1, 45, '2023-05-31'),
(3461, '11:30:00', 1, 45, '2023-05-31'),
(3462, '12:30:00', 1, 45, '2023-05-31'),
(3463, '14:30:00', 1, 45, '2023-05-31'),
(3464, '15:30:00', 1, 45, '2023-05-31'),
(3465, '16:30:00', 1, 45, '2023-05-31'),
(3466, '09:30:00', 1, 46, '2023-05-31'),
(3467, '10:30:00', 1, 46, '2023-05-31'),
(3468, '11:30:00', 1, 46, '2023-05-31'),
(3469, '12:30:00', 1, 46, '2023-05-31'),
(3470, '14:30:00', 1, 46, '2023-05-31'),
(3471, '15:30:00', 1, 46, '2023-05-31'),
(3472, '16:30:00', 1, 46, '2023-05-31'),
(3473, '09:30:00', 1, 47, '2023-05-31'),
(3474, '10:30:00', 1, 47, '2023-05-31'),
(3475, '11:30:00', 1, 47, '2023-05-31'),
(3476, '12:30:00', 1, 47, '2023-05-31'),
(3477, '14:30:00', 1, 47, '2023-05-31'),
(3478, '15:30:00', 1, 47, '2023-05-31'),
(3479, '16:30:00', 1, 47, '2023-05-31'),
(3480, '09:30:00', 1, 48, '2023-05-31'),
(3481, '10:30:00', 1, 48, '2023-05-31'),
(3482, '11:30:00', 1, 48, '2023-05-31'),
(3483, '12:30:00', 1, 48, '2023-05-31'),
(3484, '14:30:00', 1, 48, '2023-05-31'),
(3485, '15:30:00', 1, 48, '2023-05-31'),
(3486, '16:30:00', 1, 48, '2023-05-31'),
(3487, '09:30:00', 1, 49, '2023-05-31'),
(3488, '10:30:00', 1, 49, '2023-05-31'),
(3489, '11:30:00', 1, 49, '2023-05-31'),
(3490, '12:30:00', 1, 49, '2023-05-31'),
(3491, '14:30:00', 1, 49, '2023-05-31'),
(3492, '15:30:00', 1, 49, '2023-05-31'),
(3493, '16:30:00', 1, 49, '2023-05-31'),
(3494, '09:30:00', 1, 50, '2023-05-31'),
(3495, '10:30:00', 1, 50, '2023-05-31'),
(3496, '11:30:00', 1, 50, '2023-05-31'),
(3497, '12:30:00', 1, 50, '2023-05-31'),
(3498, '14:30:00', 1, 50, '2023-05-31'),
(3499, '15:30:00', 1, 50, '2023-05-31'),
(3500, '16:30:00', 1, 50, '2023-05-31'),
(3501, '09:30:00', 1, 51, '2023-05-31'),
(3502, '10:30:00', 1, 51, '2023-05-31'),
(3503, '11:30:00', 1, 51, '2023-05-31'),
(3504, '12:30:00', 1, 51, '2023-05-31'),
(3505, '14:30:00', 1, 51, '2023-05-31'),
(3506, '15:30:00', 1, 51, '2023-05-31'),
(3507, '16:30:00', 1, 51, '2023-05-31'),
(3508, '09:30:00', 1, 52, '2023-05-31'),
(3509, '10:30:00', 1, 52, '2023-05-31'),
(3510, '11:30:00', 1, 52, '2023-05-31'),
(3511, '12:30:00', 1, 52, '2023-05-31'),
(3512, '14:30:00', 1, 52, '2023-05-31'),
(3513, '15:30:00', 1, 52, '2023-05-31'),
(3514, '16:30:00', 1, 52, '2023-05-31'),
(3515, '09:30:00', 1, 53, '2023-05-31'),
(3516, '10:30:00', 1, 53, '2023-05-31'),
(3517, '11:30:00', 1, 53, '2023-05-31'),
(3518, '12:30:00', 1, 53, '2023-05-31'),
(3519, '14:30:00', 1, 53, '2023-05-31'),
(3520, '15:30:00', 1, 53, '2023-05-31'),
(3521, '16:30:00', 1, 53, '2023-05-31'),
(3522, '09:30:00', 1, 54, '2023-05-31'),
(3523, '10:30:00', 1, 54, '2023-05-31'),
(3524, '11:30:00', 1, 54, '2023-05-31'),
(3525, '12:30:00', 1, 54, '2023-05-31'),
(3526, '14:30:00', 1, 54, '2023-05-31'),
(3527, '15:30:00', 1, 54, '2023-05-31'),
(3528, '16:30:00', 1, 54, '2023-05-31'),
(3529, '09:30:00', 1, 55, '2023-05-31'),
(3530, '10:30:00', 1, 55, '2023-05-31'),
(3531, '11:30:00', 1, 55, '2023-05-31'),
(3532, '12:30:00', 1, 55, '2023-05-31'),
(3533, '14:30:00', 1, 55, '2023-05-31'),
(3534, '15:30:00', 1, 55, '2023-05-31'),
(3535, '16:30:00', 1, 55, '2023-05-31'),
(3536, '09:30:00', 1, 56, '2023-05-31'),
(3537, '10:30:00', 1, 56, '2023-05-31'),
(3538, '11:30:00', 1, 56, '2023-05-31'),
(3539, '12:30:00', 1, 56, '2023-05-31'),
(3540, '14:30:00', 1, 56, '2023-05-31'),
(3541, '15:30:00', 1, 56, '2023-05-31'),
(3542, '16:30:00', 1, 56, '2023-05-31'),
(3543, '09:30:00', 1, 57, '2023-05-31'),
(3544, '10:30:00', 1, 57, '2023-05-31'),
(3545, '11:30:00', 1, 57, '2023-05-31'),
(3546, '12:30:00', 1, 57, '2023-05-31'),
(3547, '14:30:00', 1, 57, '2023-05-31'),
(3548, '15:30:00', 1, 57, '2023-05-31'),
(3549, '16:30:00', 1, 57, '2023-05-31'),
(3550, '09:30:00', 1, 58, '2023-05-31'),
(3551, '10:30:00', 1, 58, '2023-05-31'),
(3552, '11:30:00', 1, 58, '2023-05-31'),
(3553, '12:30:00', 1, 58, '2023-05-31'),
(3554, '14:30:00', 1, 58, '2023-05-31'),
(3555, '15:30:00', 1, 58, '2023-05-31'),
(3556, '16:30:00', 1, 58, '2023-05-31'),
(3557, '09:30:00', 1, 59, '2023-05-31'),
(3558, '10:30:00', 1, 59, '2023-05-31'),
(3559, '11:30:00', 1, 59, '2023-05-31'),
(3560, '12:30:00', 1, 59, '2023-05-31'),
(3561, '14:30:00', 1, 59, '2023-05-31'),
(3562, '15:30:00', 1, 59, '2023-05-31'),
(3563, '16:30:00', 1, 59, '2023-05-31'),
(3564, '09:30:00', 1, 60, '2023-05-31'),
(3565, '10:30:00', 1, 60, '2023-05-31'),
(3566, '11:30:00', 1, 60, '2023-05-31'),
(3567, '12:30:00', 1, 60, '2023-05-31'),
(3568, '14:30:00', 1, 60, '2023-05-31'),
(3569, '15:30:00', 1, 60, '2023-05-31'),
(3570, '16:30:00', 1, 60, '2023-05-31'),
(3571, '09:30:00', 1, 61, '2023-05-31'),
(3572, '10:30:00', 1, 61, '2023-05-31'),
(3573, '11:30:00', 1, 61, '2023-05-31'),
(3574, '12:30:00', 1, 61, '2023-05-31'),
(3575, '14:30:00', 1, 61, '2023-05-31'),
(3576, '15:30:00', 1, 61, '2023-05-31'),
(3577, '16:30:00', 1, 61, '2023-05-31'),
(3578, '09:30:00', 1, 62, '2023-05-31'),
(3579, '10:30:00', 1, 62, '2023-05-31'),
(3580, '11:30:00', 1, 62, '2023-05-31'),
(3581, '12:30:00', 1, 62, '2023-05-31'),
(3582, '14:30:00', 1, 62, '2023-05-31'),
(3583, '15:30:00', 1, 62, '2023-05-31'),
(3584, '16:30:00', 1, 62, '2023-05-31'),
(3585, '09:30:00', 1, 63, '2023-05-31'),
(3586, '10:30:00', 1, 63, '2023-05-31'),
(3587, '11:30:00', 1, 63, '2023-05-31'),
(3588, '12:30:00', 1, 63, '2023-05-31'),
(3589, '14:30:00', 1, 63, '2023-05-31'),
(3590, '15:30:00', 1, 63, '2023-05-31'),
(3591, '16:30:00', 1, 63, '2023-05-31'),
(3592, '09:30:00', 1, 64, '2023-05-31'),
(3593, '10:30:00', 1, 64, '2023-05-31'),
(3594, '11:30:00', 1, 64, '2023-05-31'),
(3595, '12:30:00', 1, 64, '2023-05-31'),
(3596, '14:30:00', 1, 64, '2023-05-31'),
(3597, '15:30:00', 1, 64, '2023-05-31'),
(3598, '16:30:00', 1, 64, '2023-05-31'),
(3599, '09:30:00', 1, 65, '2023-05-31'),
(3600, '10:30:00', 1, 65, '2023-05-31'),
(3601, '11:30:00', 1, 65, '2023-05-31'),
(3602, '12:30:00', 1, 65, '2023-05-31'),
(3603, '14:30:00', 1, 65, '2023-05-31'),
(3604, '15:30:00', 1, 65, '2023-05-31'),
(3605, '16:30:00', 1, 65, '2023-05-31'),
(3606, '09:30:00', 1, 66, '2023-05-31'),
(3607, '10:30:00', 1, 66, '2023-05-31'),
(3608, '11:30:00', 1, 66, '2023-05-31'),
(3609, '12:30:00', 1, 66, '2023-05-31'),
(3610, '14:30:00', 1, 66, '2023-05-31'),
(3611, '15:30:00', 1, 66, '2023-05-31'),
(3612, '16:30:00', 1, 66, '2023-05-31'),
(3613, '09:30:00', 1, 67, '2023-05-31'),
(3614, '10:30:00', 1, 67, '2023-05-31'),
(3615, '11:30:00', 1, 67, '2023-05-31'),
(3616, '12:30:00', 1, 67, '2023-05-31'),
(3617, '14:30:00', 1, 67, '2023-05-31'),
(3618, '15:30:00', 1, 67, '2023-05-31'),
(3619, '16:30:00', 1, 67, '2023-05-31'),
(3620, '09:30:00', 1, 68, '2023-05-31'),
(3621, '10:30:00', 1, 68, '2023-05-31'),
(3622, '11:30:00', 1, 68, '2023-05-31'),
(3623, '12:30:00', 1, 68, '2023-05-31'),
(3624, '14:30:00', 1, 68, '2023-05-31'),
(3625, '15:30:00', 1, 68, '2023-05-31'),
(3626, '16:30:00', 1, 68, '2023-05-31'),
(3627, '09:30:00', 1, 69, '2023-05-31'),
(3628, '10:30:00', 1, 69, '2023-05-31'),
(3629, '11:30:00', 1, 69, '2023-05-31'),
(3630, '12:30:00', 1, 69, '2023-05-31'),
(3631, '14:30:00', 1, 69, '2023-05-31'),
(3632, '15:30:00', 1, 69, '2023-05-31'),
(3633, '16:30:00', 1, 69, '2023-05-31'),
(3634, '09:30:00', 1, 70, '2023-05-31'),
(3635, '10:30:00', 1, 70, '2023-05-31'),
(3636, '11:30:00', 1, 70, '2023-05-31'),
(3637, '12:30:00', 1, 70, '2023-05-31'),
(3638, '14:30:00', 1, 70, '2023-05-31'),
(3639, '15:30:00', 1, 70, '2023-05-31'),
(3640, '16:30:00', 1, 70, '2023-05-31'),
(3641, '09:30:00', 1, 71, '2023-05-31'),
(3642, '10:30:00', 1, 71, '2023-05-31'),
(3643, '11:30:00', 1, 71, '2023-05-31'),
(3644, '12:30:00', 1, 71, '2023-05-31'),
(3645, '14:30:00', 1, 71, '2023-05-31'),
(3646, '15:30:00', 1, 71, '2023-05-31'),
(3647, '16:30:00', 1, 71, '2023-05-31'),
(3648, '09:30:00', 1, 72, '2023-05-31'),
(3649, '10:30:00', 1, 72, '2023-05-31'),
(3650, '11:30:00', 1, 72, '2023-05-31'),
(3651, '12:30:00', 1, 72, '2023-05-31'),
(3652, '14:30:00', 1, 72, '2023-05-31'),
(3653, '15:30:00', 1, 72, '2023-05-31'),
(3654, '16:30:00', 1, 72, '2023-05-31'),
(3655, '09:30:00', 1, 73, '2023-05-31'),
(3656, '10:30:00', 1, 73, '2023-05-31'),
(3657, '11:30:00', 1, 73, '2023-05-31'),
(3658, '12:30:00', 1, 73, '2023-05-31'),
(3659, '14:30:00', 1, 73, '2023-05-31'),
(3660, '15:30:00', 1, 73, '2023-05-31'),
(3661, '16:30:00', 1, 73, '2023-05-31'),
(3662, '09:30:00', 1, 74, '2023-05-31'),
(3663, '10:30:00', 1, 74, '2023-05-31'),
(3664, '11:30:00', 1, 74, '2023-05-31'),
(3665, '12:30:00', 1, 74, '2023-05-31'),
(3666, '14:30:00', 1, 74, '2023-05-31'),
(3667, '15:30:00', 1, 74, '2023-05-31'),
(3668, '16:30:00', 1, 74, '2023-05-31'),
(3669, '09:30:00', 1, 75, '2023-05-31'),
(3670, '10:30:00', 1, 75, '2023-05-31'),
(3671, '11:30:00', 1, 75, '2023-05-31'),
(3672, '12:30:00', 1, 75, '2023-05-31'),
(3673, '14:30:00', 1, 75, '2023-05-31'),
(3674, '15:30:00', 1, 75, '2023-05-31'),
(3675, '16:30:00', 1, 75, '2023-05-31'),
(3676, '09:30:00', 1, 1, '2023-06-01'),
(3677, '10:30:00', 1, 1, '2023-06-01'),
(3678, '11:30:00', 1, 1, '2023-06-01'),
(3679, '12:30:00', 1, 1, '2023-06-01'),
(3680, '14:30:00', 1, 1, '2023-06-01'),
(3681, '15:30:00', 1, 1, '2023-06-01'),
(3682, '16:30:00', 1, 1, '2023-06-01'),
(3683, '09:30:00', 1, 2, '2023-06-01'),
(3684, '10:30:00', 1, 2, '2023-06-01'),
(3685, '11:30:00', 1, 2, '2023-06-01'),
(3686, '12:30:00', 1, 2, '2023-06-01'),
(3687, '14:30:00', 1, 2, '2023-06-01'),
(3688, '15:30:00', 1, 2, '2023-06-01'),
(3689, '16:30:00', 1, 2, '2023-06-01'),
(3690, '09:30:00', 1, 3, '2023-06-01'),
(3691, '10:30:00', 1, 3, '2023-06-01'),
(3692, '11:30:00', 1, 3, '2023-06-01'),
(3693, '12:30:00', 1, 3, '2023-06-01'),
(3694, '14:30:00', 1, 3, '2023-06-01'),
(3695, '15:30:00', 1, 3, '2023-06-01'),
(3696, '16:30:00', 1, 3, '2023-06-01'),
(3697, '09:30:00', 1, 4, '2023-06-01'),
(3698, '10:30:00', 1, 4, '2023-06-01'),
(3699, '11:30:00', 1, 4, '2023-06-01'),
(3700, '12:30:00', 1, 4, '2023-06-01'),
(3701, '14:30:00', 1, 4, '2023-06-01'),
(3702, '15:30:00', 1, 4, '2023-06-01'),
(3703, '16:30:00', 1, 4, '2023-06-01'),
(3704, '09:30:00', 1, 5, '2023-06-01'),
(3705, '10:30:00', 1, 5, '2023-06-01'),
(3706, '11:30:00', 1, 5, '2023-06-01'),
(3707, '12:30:00', 1, 5, '2023-06-01'),
(3708, '14:30:00', 1, 5, '2023-06-01'),
(3709, '15:30:00', 1, 5, '2023-06-01'),
(3710, '16:30:00', 1, 5, '2023-06-01'),
(3711, '09:30:00', 1, 6, '2023-06-01'),
(3712, '10:30:00', 1, 6, '2023-06-01'),
(3713, '11:30:00', 1, 6, '2023-06-01'),
(3714, '12:30:00', 1, 6, '2023-06-01'),
(3715, '14:30:00', 1, 6, '2023-06-01'),
(3716, '15:30:00', 1, 6, '2023-06-01'),
(3717, '16:30:00', 1, 6, '2023-06-01'),
(3718, '09:30:00', 1, 7, '2023-06-01'),
(3719, '10:30:00', 1, 7, '2023-06-01'),
(3720, '11:30:00', 1, 7, '2023-06-01'),
(3721, '12:30:00', 1, 7, '2023-06-01'),
(3722, '14:30:00', 1, 7, '2023-06-01'),
(3723, '15:30:00', 1, 7, '2023-06-01'),
(3724, '16:30:00', 1, 7, '2023-06-01'),
(3725, '09:30:00', 1, 8, '2023-06-01'),
(3726, '10:30:00', 1, 8, '2023-06-01'),
(3727, '11:30:00', 1, 8, '2023-06-01'),
(3728, '12:30:00', 1, 8, '2023-06-01'),
(3729, '14:30:00', 1, 8, '2023-06-01'),
(3730, '15:30:00', 1, 8, '2023-06-01'),
(3731, '16:30:00', 1, 8, '2023-06-01'),
(3732, '09:30:00', 1, 9, '2023-06-01'),
(3733, '10:30:00', 1, 9, '2023-06-01'),
(3734, '11:30:00', 1, 9, '2023-06-01'),
(3735, '12:30:00', 1, 9, '2023-06-01'),
(3736, '14:30:00', 1, 9, '2023-06-01'),
(3737, '15:30:00', 1, 9, '2023-06-01'),
(3738, '16:30:00', 1, 9, '2023-06-01'),
(3739, '09:30:00', 1, 10, '2023-06-01'),
(3740, '10:30:00', 1, 10, '2023-06-01'),
(3741, '11:30:00', 1, 10, '2023-06-01'),
(3742, '12:30:00', 1, 10, '2023-06-01'),
(3743, '14:30:00', 1, 10, '2023-06-01'),
(3744, '15:30:00', 1, 10, '2023-06-01'),
(3745, '16:30:00', 1, 10, '2023-06-01'),
(3746, '09:30:00', 1, 11, '2023-06-01'),
(3747, '10:30:00', 1, 11, '2023-06-01'),
(3748, '11:30:00', 1, 11, '2023-06-01'),
(3749, '12:30:00', 1, 11, '2023-06-01'),
(3750, '14:30:00', 1, 11, '2023-06-01'),
(3751, '15:30:00', 1, 11, '2023-06-01'),
(3752, '16:30:00', 1, 11, '2023-06-01'),
(3753, '09:30:00', 1, 12, '2023-06-01'),
(3754, '10:30:00', 1, 12, '2023-06-01'),
(3755, '11:30:00', 1, 12, '2023-06-01'),
(3756, '12:30:00', 1, 12, '2023-06-01'),
(3757, '14:30:00', 1, 12, '2023-06-01'),
(3758, '15:30:00', 1, 12, '2023-06-01'),
(3759, '16:30:00', 1, 12, '2023-06-01'),
(3760, '09:30:00', 1, 13, '2023-06-01'),
(3761, '10:30:00', 1, 13, '2023-06-01'),
(3762, '11:30:00', 1, 13, '2023-06-01'),
(3763, '12:30:00', 1, 13, '2023-06-01'),
(3764, '14:30:00', 1, 13, '2023-06-01'),
(3765, '15:30:00', 1, 13, '2023-06-01'),
(3766, '16:30:00', 1, 13, '2023-06-01'),
(3767, '09:30:00', 1, 14, '2023-06-01'),
(3768, '10:30:00', 1, 14, '2023-06-01'),
(3769, '11:30:00', 1, 14, '2023-06-01'),
(3770, '12:30:00', 1, 14, '2023-06-01'),
(3771, '14:30:00', 1, 14, '2023-06-01'),
(3772, '15:30:00', 1, 14, '2023-06-01'),
(3773, '16:30:00', 1, 14, '2023-06-01'),
(3774, '09:30:00', 1, 15, '2023-06-01'),
(3775, '10:30:00', 1, 15, '2023-06-01'),
(3776, '11:30:00', 1, 15, '2023-06-01'),
(3777, '12:30:00', 1, 15, '2023-06-01'),
(3778, '14:30:00', 1, 15, '2023-06-01'),
(3779, '15:30:00', 1, 15, '2023-06-01'),
(3780, '16:30:00', 1, 15, '2023-06-01'),
(3781, '09:30:00', 1, 16, '2023-06-01'),
(3782, '10:30:00', 1, 16, '2023-06-01'),
(3783, '11:30:00', 1, 16, '2023-06-01'),
(3784, '12:30:00', 1, 16, '2023-06-01'),
(3785, '14:30:00', 1, 16, '2023-06-01'),
(3786, '15:30:00', 1, 16, '2023-06-01'),
(3787, '16:30:00', 1, 16, '2023-06-01'),
(3788, '09:30:00', 1, 17, '2023-06-01'),
(3789, '10:30:00', 1, 17, '2023-06-01'),
(3790, '11:30:00', 1, 17, '2023-06-01'),
(3791, '12:30:00', 1, 17, '2023-06-01'),
(3792, '14:30:00', 1, 17, '2023-06-01'),
(3793, '15:30:00', 1, 17, '2023-06-01'),
(3794, '16:30:00', 1, 17, '2023-06-01'),
(3795, '09:30:00', 1, 18, '2023-06-01'),
(3796, '10:30:00', 1, 18, '2023-06-01'),
(3797, '11:30:00', 1, 18, '2023-06-01'),
(3798, '12:30:00', 1, 18, '2023-06-01'),
(3799, '14:30:00', 1, 18, '2023-06-01'),
(3800, '15:30:00', 1, 18, '2023-06-01'),
(3801, '16:30:00', 1, 18, '2023-06-01'),
(3802, '09:30:00', 1, 19, '2023-06-01'),
(3803, '10:30:00', 1, 19, '2023-06-01'),
(3804, '11:30:00', 1, 19, '2023-06-01'),
(3805, '12:30:00', 1, 19, '2023-06-01'),
(3806, '14:30:00', 1, 19, '2023-06-01'),
(3807, '15:30:00', 1, 19, '2023-06-01'),
(3808, '16:30:00', 1, 19, '2023-06-01'),
(3809, '09:30:00', 1, 20, '2023-06-01'),
(3810, '10:30:00', 1, 20, '2023-06-01'),
(3811, '11:30:00', 1, 20, '2023-06-01'),
(3812, '12:30:00', 1, 20, '2023-06-01'),
(3813, '14:30:00', 1, 20, '2023-06-01'),
(3814, '15:30:00', 1, 20, '2023-06-01'),
(3815, '16:30:00', 1, 20, '2023-06-01'),
(3816, '09:30:00', 1, 21, '2023-06-01'),
(3817, '10:30:00', 1, 21, '2023-06-01'),
(3818, '11:30:00', 1, 21, '2023-06-01'),
(3819, '12:30:00', 1, 21, '2023-06-01'),
(3820, '14:30:00', 1, 21, '2023-06-01'),
(3821, '15:30:00', 1, 21, '2023-06-01'),
(3822, '16:30:00', 1, 21, '2023-06-01'),
(3823, '09:30:00', 1, 22, '2023-06-01'),
(3824, '10:30:00', 1, 22, '2023-06-01'),
(3825, '11:30:00', 1, 22, '2023-06-01'),
(3826, '12:30:00', 1, 22, '2023-06-01'),
(3827, '14:30:00', 1, 22, '2023-06-01'),
(3828, '15:30:00', 1, 22, '2023-06-01'),
(3829, '16:30:00', 1, 22, '2023-06-01'),
(3830, '09:30:00', 1, 23, '2023-06-01'),
(3831, '10:30:00', 1, 23, '2023-06-01'),
(3832, '11:30:00', 1, 23, '2023-06-01'),
(3833, '12:30:00', 1, 23, '2023-06-01'),
(3834, '14:30:00', 1, 23, '2023-06-01'),
(3835, '15:30:00', 1, 23, '2023-06-01'),
(3836, '16:30:00', 1, 23, '2023-06-01'),
(3837, '09:30:00', 1, 24, '2023-06-01'),
(3838, '10:30:00', 1, 24, '2023-06-01'),
(3839, '11:30:00', 1, 24, '2023-06-01'),
(3840, '12:30:00', 1, 24, '2023-06-01'),
(3841, '14:30:00', 1, 24, '2023-06-01'),
(3842, '15:30:00', 1, 24, '2023-06-01'),
(3843, '16:30:00', 1, 24, '2023-06-01'),
(3844, '09:30:00', 1, 25, '2023-06-01'),
(3845, '10:30:00', 1, 25, '2023-06-01'),
(3846, '11:30:00', 1, 25, '2023-06-01'),
(3847, '12:30:00', 1, 25, '2023-06-01'),
(3848, '14:30:00', 1, 25, '2023-06-01'),
(3849, '15:30:00', 1, 25, '2023-06-01'),
(3850, '16:30:00', 1, 25, '2023-06-01'),
(3851, '09:30:00', 1, 26, '2023-06-01'),
(3852, '10:30:00', 1, 26, '2023-06-01'),
(3853, '11:30:00', 1, 26, '2023-06-01'),
(3854, '12:30:00', 1, 26, '2023-06-01'),
(3855, '14:30:00', 1, 26, '2023-06-01'),
(3856, '15:30:00', 1, 26, '2023-06-01'),
(3857, '16:30:00', 1, 26, '2023-06-01'),
(3858, '09:30:00', 1, 27, '2023-06-01'),
(3859, '10:30:00', 1, 27, '2023-06-01'),
(3860, '11:30:00', 1, 27, '2023-06-01'),
(3861, '12:30:00', 1, 27, '2023-06-01'),
(3862, '14:30:00', 1, 27, '2023-06-01'),
(3863, '15:30:00', 1, 27, '2023-06-01'),
(3864, '16:30:00', 1, 27, '2023-06-01'),
(3865, '09:30:00', 1, 28, '2023-06-01'),
(3866, '10:30:00', 1, 28, '2023-06-01'),
(3867, '11:30:00', 1, 28, '2023-06-01'),
(3868, '12:30:00', 1, 28, '2023-06-01'),
(3869, '14:30:00', 1, 28, '2023-06-01'),
(3870, '15:30:00', 1, 28, '2023-06-01'),
(3871, '16:30:00', 1, 28, '2023-06-01'),
(3872, '09:30:00', 1, 29, '2023-06-01'),
(3873, '10:30:00', 1, 29, '2023-06-01'),
(3874, '11:30:00', 1, 29, '2023-06-01'),
(3875, '12:30:00', 1, 29, '2023-06-01'),
(3876, '14:30:00', 1, 29, '2023-06-01'),
(3877, '15:30:00', 1, 29, '2023-06-01'),
(3878, '16:30:00', 1, 29, '2023-06-01'),
(3879, '09:30:00', 1, 30, '2023-06-01'),
(3880, '10:30:00', 1, 30, '2023-06-01'),
(3881, '11:30:00', 1, 30, '2023-06-01'),
(3882, '12:30:00', 1, 30, '2023-06-01'),
(3883, '14:30:00', 1, 30, '2023-06-01'),
(3884, '15:30:00', 1, 30, '2023-06-01'),
(3885, '16:30:00', 1, 30, '2023-06-01'),
(3886, '09:30:00', 1, 31, '2023-06-01'),
(3887, '10:30:00', 1, 31, '2023-06-01'),
(3888, '11:30:00', 1, 31, '2023-06-01'),
(3889, '12:30:00', 1, 31, '2023-06-01'),
(3890, '14:30:00', 1, 31, '2023-06-01'),
(3891, '15:30:00', 1, 31, '2023-06-01'),
(3892, '16:30:00', 1, 31, '2023-06-01'),
(3893, '09:30:00', 1, 32, '2023-06-01'),
(3894, '10:30:00', 1, 32, '2023-06-01'),
(3895, '11:30:00', 1, 32, '2023-06-01'),
(3896, '12:30:00', 1, 32, '2023-06-01'),
(3897, '14:30:00', 1, 32, '2023-06-01'),
(3898, '15:30:00', 1, 32, '2023-06-01'),
(3899, '16:30:00', 1, 32, '2023-06-01'),
(3900, '09:30:00', 1, 33, '2023-06-01'),
(3901, '10:30:00', 1, 33, '2023-06-01'),
(3902, '11:30:00', 1, 33, '2023-06-01'),
(3903, '12:30:00', 1, 33, '2023-06-01'),
(3904, '14:30:00', 1, 33, '2023-06-01'),
(3905, '15:30:00', 1, 33, '2023-06-01'),
(3906, '16:30:00', 1, 33, '2023-06-01'),
(3907, '09:30:00', 1, 34, '2023-06-01'),
(3908, '10:30:00', 1, 34, '2023-06-01'),
(3909, '11:30:00', 1, 34, '2023-06-01'),
(3910, '12:30:00', 1, 34, '2023-06-01'),
(3911, '14:30:00', 1, 34, '2023-06-01'),
(3912, '15:30:00', 1, 34, '2023-06-01'),
(3913, '16:30:00', 1, 34, '2023-06-01'),
(3914, '09:30:00', 1, 35, '2023-06-01'),
(3915, '10:30:00', 1, 35, '2023-06-01'),
(3916, '11:30:00', 1, 35, '2023-06-01'),
(3917, '12:30:00', 1, 35, '2023-06-01'),
(3918, '14:30:00', 1, 35, '2023-06-01'),
(3919, '15:30:00', 1, 35, '2023-06-01'),
(3920, '16:30:00', 1, 35, '2023-06-01'),
(3921, '09:30:00', 1, 36, '2023-06-01'),
(3922, '10:30:00', 1, 36, '2023-06-01'),
(3923, '11:30:00', 1, 36, '2023-06-01'),
(3924, '12:30:00', 1, 36, '2023-06-01'),
(3925, '14:30:00', 1, 36, '2023-06-01'),
(3926, '15:30:00', 1, 36, '2023-06-01'),
(3927, '16:30:00', 1, 36, '2023-06-01'),
(3928, '09:30:00', 1, 37, '2023-06-01'),
(3929, '10:30:00', 1, 37, '2023-06-01'),
(3930, '11:30:00', 1, 37, '2023-06-01'),
(3931, '12:30:00', 1, 37, '2023-06-01'),
(3932, '14:30:00', 1, 37, '2023-06-01'),
(3933, '15:30:00', 1, 37, '2023-06-01'),
(3934, '16:30:00', 1, 37, '2023-06-01'),
(3935, '09:30:00', 1, 38, '2023-06-01'),
(3936, '10:30:00', 1, 38, '2023-06-01'),
(3937, '11:30:00', 1, 38, '2023-06-01'),
(3938, '12:30:00', 1, 38, '2023-06-01'),
(3939, '14:30:00', 1, 38, '2023-06-01'),
(3940, '15:30:00', 1, 38, '2023-06-01'),
(3941, '16:30:00', 1, 38, '2023-06-01'),
(3942, '09:30:00', 1, 39, '2023-06-01'),
(3943, '10:30:00', 1, 39, '2023-06-01'),
(3944, '11:30:00', 1, 39, '2023-06-01'),
(3945, '12:30:00', 1, 39, '2023-06-01'),
(3946, '14:30:00', 1, 39, '2023-06-01'),
(3947, '15:30:00', 1, 39, '2023-06-01'),
(3948, '16:30:00', 1, 39, '2023-06-01'),
(3949, '09:30:00', 1, 40, '2023-06-01'),
(3950, '10:30:00', 1, 40, '2023-06-01'),
(3951, '11:30:00', 1, 40, '2023-06-01'),
(3952, '12:30:00', 1, 40, '2023-06-01'),
(3953, '14:30:00', 1, 40, '2023-06-01'),
(3954, '15:30:00', 1, 40, '2023-06-01'),
(3955, '16:30:00', 1, 40, '2023-06-01'),
(3956, '09:30:00', 1, 41, '2023-06-01'),
(3957, '10:30:00', 1, 41, '2023-06-01'),
(3958, '11:30:00', 1, 41, '2023-06-01'),
(3959, '12:30:00', 1, 41, '2023-06-01'),
(3960, '14:30:00', 1, 41, '2023-06-01'),
(3961, '15:30:00', 1, 41, '2023-06-01'),
(3962, '16:30:00', 1, 42, '2023-06-01'),
(3963, '09:30:00', 1, 42, '2023-06-01'),
(3964, '10:30:00', 1, 42, '2023-06-01'),
(3965, '11:30:00', 1, 42, '2023-06-01'),
(3966, '12:30:00', 1, 42, '2023-06-01'),
(3967, '14:30:00', 1, 42, '2023-06-01'),
(3968, '15:30:00', 1, 42, '2023-06-01'),
(3969, '16:30:00', 1, 42, '2023-06-01'),
(3970, '09:30:00', 1, 43, '2023-06-01'),
(3971, '10:30:00', 1, 43, '2023-06-01'),
(3972, '11:30:00', 1, 43, '2023-06-01'),
(3973, '12:30:00', 1, 43, '2023-06-01'),
(3974, '14:30:00', 1, 43, '2023-06-01'),
(3975, '15:30:00', 1, 43, '2023-06-01'),
(3976, '16:30:00', 1, 43, '2023-06-01'),
(3977, '09:30:00', 1, 44, '2023-06-01'),
(3978, '10:30:00', 1, 44, '2023-06-01'),
(3979, '11:30:00', 1, 44, '2023-06-01'),
(3980, '12:30:00', 1, 44, '2023-06-01'),
(3981, '14:30:00', 1, 44, '2023-06-01'),
(3982, '15:30:00', 1, 44, '2023-06-01'),
(3983, '16:30:00', 1, 44, '2023-06-01'),
(3984, '09:30:00', 1, 45, '2023-06-01'),
(3985, '10:30:00', 1, 45, '2023-06-01'),
(3986, '11:30:00', 1, 45, '2023-06-01'),
(3987, '12:30:00', 1, 45, '2023-06-01'),
(3988, '14:30:00', 1, 45, '2023-06-01'),
(3989, '15:30:00', 1, 45, '2023-06-01'),
(3990, '16:30:00', 1, 45, '2023-06-01'),
(3991, '09:30:00', 1, 46, '2023-06-01'),
(3992, '10:30:00', 1, 46, '2023-06-01'),
(3993, '11:30:00', 1, 46, '2023-06-01'),
(3994, '12:30:00', 1, 46, '2023-06-01'),
(3995, '14:30:00', 1, 46, '2023-06-01'),
(3996, '15:30:00', 1, 46, '2023-06-01'),
(3997, '16:30:00', 1, 46, '2023-06-01'),
(3998, '09:30:00', 1, 47, '2023-06-01'),
(3999, '10:30:00', 1, 47, '2023-06-01'),
(4000, '11:30:00', 1, 47, '2023-06-01'),
(4001, '12:30:00', 1, 47, '2023-06-01'),
(4002, '14:30:00', 1, 47, '2023-06-01'),
(4003, '15:30:00', 1, 47, '2023-06-01'),
(4004, '16:30:00', 1, 47, '2023-06-01'),
(4005, '09:30:00', 1, 48, '2023-06-01'),
(4006, '10:30:00', 1, 48, '2023-06-01'),
(4007, '11:30:00', 1, 48, '2023-06-01'),
(4008, '12:30:00', 1, 48, '2023-06-01'),
(4009, '14:30:00', 1, 48, '2023-06-01'),
(4010, '15:30:00', 1, 48, '2023-06-01'),
(4011, '16:30:00', 1, 48, '2023-06-01'),
(4012, '09:30:00', 1, 49, '2023-06-01'),
(4013, '10:30:00', 1, 49, '2023-06-01'),
(4014, '11:30:00', 1, 49, '2023-06-01'),
(4015, '12:30:00', 1, 49, '2023-06-01'),
(4016, '14:30:00', 1, 49, '2023-06-01'),
(4017, '15:30:00', 1, 49, '2023-06-01'),
(4018, '16:30:00', 1, 49, '2023-06-01'),
(4019, '09:30:00', 1, 50, '2023-06-01'),
(4020, '10:30:00', 1, 50, '2023-06-01'),
(4021, '11:30:00', 1, 50, '2023-06-01'),
(4022, '12:30:00', 1, 50, '2023-06-01'),
(4023, '14:30:00', 1, 50, '2023-06-01'),
(4024, '15:30:00', 1, 50, '2023-06-01'),
(4025, '16:30:00', 1, 50, '2023-06-01'),
(4026, '09:30:00', 1, 51, '2023-06-01'),
(4027, '10:30:00', 1, 51, '2023-06-01'),
(4028, '11:30:00', 1, 51, '2023-06-01'),
(4029, '12:30:00', 1, 51, '2023-06-01'),
(4030, '14:30:00', 1, 51, '2023-06-01'),
(4031, '15:30:00', 1, 51, '2023-06-01'),
(4032, '16:30:00', 1, 51, '2023-06-01'),
(4033, '09:30:00', 1, 52, '2023-06-01'),
(4034, '10:30:00', 1, 52, '2023-06-01'),
(4035, '11:30:00', 1, 52, '2023-06-01'),
(4036, '12:30:00', 1, 52, '2023-06-01'),
(4037, '14:30:00', 1, 52, '2023-06-01'),
(4038, '15:30:00', 1, 52, '2023-06-01'),
(4039, '16:30:00', 1, 52, '2023-06-01'),
(4040, '09:30:00', 1, 53, '2023-06-01'),
(4041, '10:30:00', 1, 53, '2023-06-01'),
(4042, '11:30:00', 1, 53, '2023-06-01'),
(4043, '12:30:00', 1, 53, '2023-06-01'),
(4044, '14:30:00', 1, 53, '2023-06-01'),
(4045, '15:30:00', 1, 53, '2023-06-01'),
(4046, '16:30:00', 1, 53, '2023-06-01'),
(4047, '09:30:00', 1, 54, '2023-06-01'),
(4048, '10:30:00', 1, 54, '2023-06-01'),
(4049, '11:30:00', 1, 54, '2023-06-01'),
(4050, '12:30:00', 1, 54, '2023-06-01'),
(4051, '14:30:00', 1, 54, '2023-06-01'),
(4052, '15:30:00', 1, 54, '2023-06-01'),
(4053, '16:30:00', 1, 54, '2023-06-01'),
(4054, '09:30:00', 1, 55, '2023-06-01'),
(4055, '10:30:00', 1, 55, '2023-06-01'),
(4056, '11:30:00', 1, 55, '2023-06-01'),
(4057, '12:30:00', 1, 55, '2023-06-01'),
(4058, '14:30:00', 1, 55, '2023-06-01'),
(4059, '15:30:00', 1, 55, '2023-06-01'),
(4060, '16:30:00', 1, 55, '2023-06-01'),
(4061, '09:30:00', 1, 56, '2023-06-01'),
(4062, '10:30:00', 1, 56, '2023-06-01'),
(4063, '11:30:00', 1, 56, '2023-06-01'),
(4064, '12:30:00', 1, 56, '2023-06-01'),
(4065, '14:30:00', 1, 56, '2023-06-01'),
(4066, '15:30:00', 1, 56, '2023-06-01'),
(4067, '16:30:00', 1, 56, '2023-06-01'),
(4068, '09:30:00', 1, 57, '2023-06-01'),
(4069, '10:30:00', 1, 57, '2023-06-01'),
(4070, '11:30:00', 1, 57, '2023-06-01'),
(4071, '12:30:00', 1, 57, '2023-06-01'),
(4072, '14:30:00', 1, 57, '2023-06-01'),
(4073, '15:30:00', 1, 57, '2023-06-01'),
(4074, '16:30:00', 1, 57, '2023-06-01'),
(4075, '09:30:00', 1, 58, '2023-06-01'),
(4076, '10:30:00', 1, 58, '2023-06-01'),
(4077, '11:30:00', 1, 58, '2023-06-01'),
(4078, '12:30:00', 1, 58, '2023-06-01'),
(4079, '14:30:00', 1, 58, '2023-06-01'),
(4080, '15:30:00', 1, 58, '2023-06-01'),
(4081, '16:30:00', 1, 58, '2023-06-01'),
(4082, '09:30:00', 1, 59, '2023-06-01'),
(4083, '10:30:00', 1, 59, '2023-06-01'),
(4084, '11:30:00', 1, 59, '2023-06-01'),
(4085, '12:30:00', 1, 59, '2023-06-01'),
(4086, '14:30:00', 1, 59, '2023-06-01'),
(4087, '15:30:00', 1, 59, '2023-06-01'),
(4088, '16:30:00', 1, 59, '2023-06-01'),
(4089, '09:30:00', 1, 60, '2023-06-01'),
(4090, '10:30:00', 1, 60, '2023-06-01'),
(4091, '11:30:00', 1, 60, '2023-06-01'),
(4092, '12:30:00', 1, 60, '2023-06-01'),
(4093, '14:30:00', 1, 60, '2023-06-01'),
(4094, '15:30:00', 1, 60, '2023-06-01'),
(4095, '16:30:00', 1, 60, '2023-06-01'),
(4096, '09:30:00', 1, 61, '2023-06-01'),
(4097, '10:30:00', 1, 61, '2023-06-01'),
(4098, '11:30:00', 1, 61, '2023-06-01'),
(4099, '12:30:00', 1, 61, '2023-06-01'),
(4100, '14:30:00', 1, 61, '2023-06-01'),
(4101, '15:30:00', 1, 61, '2023-06-01'),
(4102, '16:30:00', 1, 61, '2023-06-01'),
(4103, '09:30:00', 1, 62, '2023-06-01'),
(4104, '10:30:00', 1, 62, '2023-06-01'),
(4105, '11:30:00', 1, 62, '2023-06-01'),
(4106, '12:30:00', 1, 62, '2023-06-01'),
(4107, '14:30:00', 1, 62, '2023-06-01'),
(4108, '15:30:00', 1, 62, '2023-06-01'),
(4109, '16:30:00', 1, 62, '2023-06-01'),
(4110, '09:30:00', 1, 63, '2023-06-01'),
(4111, '10:30:00', 1, 63, '2023-06-01'),
(4112, '11:30:00', 1, 63, '2023-06-01'),
(4113, '12:30:00', 1, 63, '2023-06-01'),
(4114, '14:30:00', 1, 63, '2023-06-01'),
(4115, '15:30:00', 1, 63, '2023-06-01'),
(4116, '16:30:00', 1, 63, '2023-06-01'),
(4117, '09:30:00', 1, 64, '2023-06-01'),
(4118, '10:30:00', 1, 64, '2023-06-01'),
(4119, '11:30:00', 1, 64, '2023-06-01'),
(4120, '12:30:00', 1, 64, '2023-06-01'),
(4121, '14:30:00', 1, 64, '2023-06-01'),
(4122, '15:30:00', 1, 64, '2023-06-01'),
(4123, '16:30:00', 1, 64, '2023-06-01'),
(4124, '09:30:00', 1, 65, '2023-06-01'),
(4125, '10:30:00', 1, 65, '2023-06-01'),
(4126, '11:30:00', 1, 65, '2023-06-01'),
(4127, '12:30:00', 1, 65, '2023-06-01'),
(4128, '14:30:00', 1, 65, '2023-06-01'),
(4129, '15:30:00', 1, 65, '2023-06-01'),
(4130, '16:30:00', 1, 65, '2023-06-01'),
(4131, '09:30:00', 1, 66, '2023-06-01'),
(4132, '10:30:00', 1, 66, '2023-06-01'),
(4133, '11:30:00', 1, 66, '2023-06-01'),
(4134, '12:30:00', 1, 66, '2023-06-01'),
(4135, '14:30:00', 1, 66, '2023-06-01'),
(4136, '15:30:00', 1, 66, '2023-06-01'),
(4137, '16:30:00', 1, 66, '2023-06-01'),
(4138, '09:30:00', 1, 67, '2023-06-01'),
(4139, '10:30:00', 1, 67, '2023-06-01'),
(4140, '11:30:00', 1, 67, '2023-06-01'),
(4141, '12:30:00', 1, 67, '2023-06-01'),
(4142, '14:30:00', 1, 67, '2023-06-01'),
(4143, '15:30:00', 1, 67, '2023-06-01'),
(4144, '16:30:00', 1, 67, '2023-06-01'),
(4145, '09:30:00', 1, 68, '2023-06-01'),
(4146, '10:30:00', 1, 68, '2023-06-01'),
(4147, '11:30:00', 1, 68, '2023-06-01'),
(4148, '12:30:00', 1, 68, '2023-06-01'),
(4149, '14:30:00', 1, 68, '2023-06-01'),
(4150, '15:30:00', 1, 68, '2023-06-01'),
(4151, '16:30:00', 1, 68, '2023-06-01'),
(4152, '09:30:00', 1, 69, '2023-06-01'),
(4153, '10:30:00', 1, 69, '2023-06-01'),
(4154, '11:30:00', 1, 69, '2023-06-01'),
(4155, '12:30:00', 1, 69, '2023-06-01'),
(4156, '14:30:00', 1, 69, '2023-06-01'),
(4157, '15:30:00', 1, 69, '2023-06-01'),
(4158, '16:30:00', 1, 69, '2023-06-01'),
(4159, '09:30:00', 1, 70, '2023-06-01'),
(4160, '10:30:00', 1, 70, '2023-06-01'),
(4161, '11:30:00', 1, 70, '2023-06-01'),
(4162, '12:30:00', 1, 70, '2023-06-01'),
(4163, '14:30:00', 1, 70, '2023-06-01'),
(4164, '15:30:00', 1, 70, '2023-06-01'),
(4165, '16:30:00', 1, 70, '2023-06-01'),
(4166, '09:30:00', 1, 71, '2023-06-01'),
(4167, '10:30:00', 1, 71, '2023-06-01'),
(4168, '11:30:00', 1, 71, '2023-06-01'),
(4169, '12:30:00', 1, 71, '2023-06-01'),
(4170, '14:30:00', 1, 71, '2023-06-01'),
(4171, '15:30:00', 1, 71, '2023-06-01'),
(4172, '16:30:00', 1, 71, '2023-06-01'),
(4173, '09:30:00', 1, 72, '2023-06-01'),
(4174, '10:30:00', 1, 72, '2023-06-01'),
(4175, '11:30:00', 1, 72, '2023-06-01'),
(4176, '12:30:00', 1, 72, '2023-06-01'),
(4177, '14:30:00', 1, 72, '2023-06-01'),
(4178, '15:30:00', 1, 72, '2023-06-01'),
(4179, '16:30:00', 1, 72, '2023-06-01'),
(4180, '09:30:00', 1, 73, '2023-06-01'),
(4181, '10:30:00', 1, 73, '2023-06-01'),
(4182, '11:30:00', 1, 73, '2023-06-01'),
(4183, '12:30:00', 1, 73, '2023-06-01'),
(4184, '14:30:00', 1, 73, '2023-06-01'),
(4185, '15:30:00', 1, 73, '2023-06-01'),
(4186, '16:30:00', 1, 73, '2023-06-01'),
(4187, '09:30:00', 1, 74, '2023-06-01'),
(4188, '10:30:00', 1, 74, '2023-06-01'),
(4189, '11:30:00', 1, 74, '2023-06-01'),
(4190, '12:30:00', 1, 74, '2023-06-01'),
(4191, '14:30:00', 1, 74, '2023-06-01'),
(4192, '15:30:00', 1, 74, '2023-06-01'),
(4193, '16:30:00', 1, 74, '2023-06-01'),
(4194, '09:30:00', 1, 75, '2023-06-01'),
(4195, '10:30:00', 1, 75, '2023-06-01'),
(4196, '11:30:00', 1, 75, '2023-06-01'),
(4197, '12:30:00', 1, 75, '2023-06-01'),
(4198, '14:30:00', 1, 75, '2023-06-01'),
(4199, '15:30:00', 1, 75, '2023-06-01'),
(4200, '16:30:00', 1, 75, '2023-06-01'),
(4201, '09:30:00', 1, 1, '2023-06-02'),
(4202, '10:30:00', 1, 1, '2023-06-02'),
(4203, '11:30:00', 1, 1, '2023-06-02'),
(4204, '12:30:00', 1, 1, '2023-06-02'),
(4205, '14:30:00', 1, 1, '2023-06-02'),
(4206, '15:30:00', 1, 1, '2023-06-02'),
(4207, '16:30:00', 1, 1, '2023-06-02'),
(4208, '09:30:00', 1, 2, '2023-06-02'),
(4209, '10:30:00', 1, 2, '2023-06-02'),
(4210, '11:30:00', 1, 2, '2023-06-02'),
(4211, '12:30:00', 1, 2, '2023-06-02'),
(4212, '14:30:00', 1, 2, '2023-06-02'),
(4213, '15:30:00', 1, 2, '2023-06-02'),
(4214, '16:30:00', 1, 2, '2023-06-02'),
(4215, '09:30:00', 1, 3, '2023-06-02'),
(4216, '10:30:00', 1, 3, '2023-06-02'),
(4217, '11:30:00', 1, 3, '2023-06-02'),
(4218, '12:30:00', 1, 3, '2023-06-02'),
(4219, '14:30:00', 1, 3, '2023-06-02'),
(4220, '15:30:00', 1, 3, '2023-06-02'),
(4221, '16:30:00', 1, 3, '2023-06-02'),
(4222, '09:30:00', 1, 4, '2023-06-02'),
(4223, '10:30:00', 1, 4, '2023-06-02'),
(4224, '11:30:00', 1, 4, '2023-06-02'),
(4225, '12:30:00', 1, 4, '2023-06-02'),
(4226, '14:30:00', 1, 4, '2023-06-02'),
(4227, '15:30:00', 1, 4, '2023-06-02'),
(4228, '16:30:00', 1, 4, '2023-06-02'),
(4229, '09:30:00', 1, 5, '2023-06-02'),
(4230, '10:30:00', 1, 5, '2023-06-02'),
(4231, '11:30:00', 1, 5, '2023-06-02'),
(4232, '12:30:00', 1, 5, '2023-06-02'),
(4233, '14:30:00', 1, 5, '2023-06-02'),
(4234, '15:30:00', 1, 5, '2023-06-02'),
(4235, '16:30:00', 1, 5, '2023-06-02'),
(4236, '09:30:00', 1, 6, '2023-06-02'),
(4237, '10:30:00', 1, 6, '2023-06-02'),
(4238, '11:30:00', 1, 6, '2023-06-02'),
(4239, '12:30:00', 1, 6, '2023-06-02'),
(4240, '14:30:00', 1, 6, '2023-06-02'),
(4241, '15:30:00', 1, 6, '2023-06-02'),
(4242, '16:30:00', 1, 6, '2023-06-02'),
(4243, '09:30:00', 1, 7, '2023-06-02'),
(4244, '10:30:00', 1, 7, '2023-06-02'),
(4245, '11:30:00', 1, 7, '2023-06-02'),
(4246, '12:30:00', 1, 7, '2023-06-02'),
(4247, '14:30:00', 1, 7, '2023-06-02'),
(4248, '15:30:00', 1, 7, '2023-06-02'),
(4249, '16:30:00', 1, 7, '2023-06-02'),
(4250, '09:30:00', 1, 8, '2023-06-02'),
(4251, '10:30:00', 1, 8, '2023-06-02'),
(4252, '11:30:00', 1, 8, '2023-06-02'),
(4253, '12:30:00', 1, 8, '2023-06-02'),
(4254, '14:30:00', 1, 8, '2023-06-02'),
(4255, '15:30:00', 1, 8, '2023-06-02'),
(4256, '16:30:00', 1, 8, '2023-06-02'),
(4257, '09:30:00', 1, 9, '2023-06-02'),
(4258, '10:30:00', 1, 9, '2023-06-02'),
(4259, '11:30:00', 1, 9, '2023-06-02'),
(4260, '12:30:00', 1, 9, '2023-06-02'),
(4261, '14:30:00', 1, 9, '2023-06-02'),
(4262, '15:30:00', 1, 9, '2023-06-02'),
(4263, '16:30:00', 1, 9, '2023-06-02'),
(4264, '09:30:00', 1, 10, '2023-06-02'),
(4265, '10:30:00', 1, 10, '2023-06-02'),
(4266, '11:30:00', 1, 10, '2023-06-02'),
(4267, '12:30:00', 1, 10, '2023-06-02'),
(4268, '14:30:00', 1, 10, '2023-06-02'),
(4269, '15:30:00', 1, 10, '2023-06-02'),
(4270, '16:30:00', 1, 10, '2023-06-02'),
(4271, '09:30:00', 1, 11, '2023-06-02'),
(4272, '10:30:00', 1, 11, '2023-06-02'),
(4273, '11:30:00', 1, 11, '2023-06-02'),
(4274, '12:30:00', 1, 11, '2023-06-02'),
(4275, '14:30:00', 1, 11, '2023-06-02'),
(4276, '15:30:00', 1, 11, '2023-06-02'),
(4277, '16:30:00', 1, 11, '2023-06-02'),
(4278, '09:30:00', 1, 12, '2023-06-02'),
(4279, '10:30:00', 1, 12, '2023-06-02'),
(4280, '11:30:00', 1, 12, '2023-06-02'),
(4281, '12:30:00', 1, 12, '2023-06-02'),
(4282, '14:30:00', 1, 12, '2023-06-02'),
(4283, '15:30:00', 1, 12, '2023-06-02'),
(4284, '16:30:00', 1, 12, '2023-06-02'),
(4285, '09:30:00', 1, 13, '2023-06-02'),
(4286, '10:30:00', 1, 13, '2023-06-02'),
(4287, '11:30:00', 1, 13, '2023-06-02'),
(4288, '12:30:00', 1, 13, '2023-06-02'),
(4289, '14:30:00', 1, 13, '2023-06-02'),
(4290, '15:30:00', 1, 13, '2023-06-02'),
(4291, '16:30:00', 1, 13, '2023-06-02'),
(4292, '09:30:00', 1, 14, '2023-06-02'),
(4293, '10:30:00', 1, 14, '2023-06-02'),
(4294, '11:30:00', 1, 14, '2023-06-02'),
(4295, '12:30:00', 1, 14, '2023-06-02'),
(4296, '14:30:00', 1, 14, '2023-06-02'),
(4297, '15:30:00', 1, 14, '2023-06-02'),
(4298, '16:30:00', 1, 14, '2023-06-02'),
(4299, '09:30:00', 1, 15, '2023-06-02'),
(4300, '10:30:00', 1, 15, '2023-06-02'),
(4301, '11:30:00', 1, 15, '2023-06-02'),
(4302, '12:30:00', 1, 15, '2023-06-02'),
(4303, '14:30:00', 1, 15, '2023-06-02'),
(4304, '15:30:00', 1, 15, '2023-06-02'),
(4305, '16:30:00', 1, 15, '2023-06-02'),
(4306, '09:30:00', 1, 16, '2023-06-02'),
(4307, '10:30:00', 1, 16, '2023-06-02'),
(4308, '11:30:00', 1, 16, '2023-06-02'),
(4309, '12:30:00', 1, 16, '2023-06-02'),
(4310, '14:30:00', 1, 16, '2023-06-02'),
(4311, '15:30:00', 1, 16, '2023-06-02'),
(4312, '16:30:00', 1, 16, '2023-06-02'),
(4313, '09:30:00', 1, 17, '2023-06-02'),
(4314, '10:30:00', 1, 17, '2023-06-02'),
(4315, '11:30:00', 1, 17, '2023-06-02'),
(4316, '12:30:00', 1, 17, '2023-06-02'),
(4317, '14:30:00', 1, 17, '2023-06-02'),
(4318, '15:30:00', 1, 17, '2023-06-02'),
(4319, '16:30:00', 1, 17, '2023-06-02'),
(4320, '09:30:00', 1, 18, '2023-06-02'),
(4321, '10:30:00', 1, 18, '2023-06-02'),
(4322, '11:30:00', 1, 18, '2023-06-02'),
(4323, '12:30:00', 1, 18, '2023-06-02'),
(4324, '14:30:00', 1, 18, '2023-06-02'),
(4325, '15:30:00', 1, 18, '2023-06-02'),
(4326, '16:30:00', 1, 18, '2023-06-02'),
(4327, '09:30:00', 1, 19, '2023-06-02'),
(4328, '10:30:00', 1, 19, '2023-06-02'),
(4329, '11:30:00', 1, 19, '2023-06-02'),
(4330, '12:30:00', 1, 19, '2023-06-02'),
(4331, '14:30:00', 1, 19, '2023-06-02'),
(4332, '15:30:00', 1, 19, '2023-06-02'),
(4333, '16:30:00', 1, 19, '2023-06-02'),
(4334, '09:30:00', 1, 20, '2023-06-02'),
(4335, '10:30:00', 1, 20, '2023-06-02'),
(4336, '11:30:00', 1, 20, '2023-06-02'),
(4337, '12:30:00', 1, 20, '2023-06-02'),
(4338, '14:30:00', 1, 20, '2023-06-02'),
(4339, '15:30:00', 1, 20, '2023-06-02'),
(4340, '16:30:00', 1, 20, '2023-06-02'),
(4341, '09:30:00', 1, 21, '2023-06-02'),
(4342, '10:30:00', 1, 21, '2023-06-02'),
(4343, '11:30:00', 1, 21, '2023-06-02'),
(4344, '12:30:00', 1, 21, '2023-06-02'),
(4345, '14:30:00', 1, 21, '2023-06-02'),
(4346, '15:30:00', 1, 21, '2023-06-02'),
(4347, '16:30:00', 1, 21, '2023-06-02'),
(4348, '09:30:00', 1, 22, '2023-06-02'),
(4349, '10:30:00', 1, 22, '2023-06-02'),
(4350, '11:30:00', 1, 22, '2023-06-02'),
(4351, '12:30:00', 1, 22, '2023-06-02'),
(4352, '14:30:00', 1, 22, '2023-06-02'),
(4353, '15:30:00', 1, 22, '2023-06-02'),
(4354, '16:30:00', 1, 22, '2023-06-02'),
(4355, '09:30:00', 1, 23, '2023-06-02'),
(4356, '10:30:00', 1, 23, '2023-06-02'),
(4357, '11:30:00', 1, 23, '2023-06-02'),
(4358, '12:30:00', 1, 23, '2023-06-02'),
(4359, '14:30:00', 1, 23, '2023-06-02'),
(4360, '15:30:00', 1, 23, '2023-06-02'),
(4361, '16:30:00', 1, 23, '2023-06-02'),
(4362, '09:30:00', 1, 24, '2023-06-02'),
(4363, '10:30:00', 1, 24, '2023-06-02'),
(4364, '11:30:00', 1, 24, '2023-06-02'),
(4365, '12:30:00', 1, 24, '2023-06-02'),
(4366, '14:30:00', 1, 24, '2023-06-02'),
(4367, '15:30:00', 1, 24, '2023-06-02'),
(4368, '16:30:00', 1, 24, '2023-06-02'),
(4369, '09:30:00', 1, 25, '2023-06-02'),
(4370, '10:30:00', 1, 25, '2023-06-02'),
(4371, '11:30:00', 1, 25, '2023-06-02'),
(4372, '12:30:00', 1, 25, '2023-06-02'),
(4373, '14:30:00', 1, 25, '2023-06-02'),
(4374, '15:30:00', 1, 25, '2023-06-02'),
(4375, '16:30:00', 1, 25, '2023-06-02'),
(4376, '09:30:00', 1, 26, '2023-06-02'),
(4377, '10:30:00', 1, 26, '2023-06-02'),
(4378, '11:30:00', 1, 26, '2023-06-02'),
(4379, '12:30:00', 1, 26, '2023-06-02'),
(4380, '14:30:00', 1, 26, '2023-06-02'),
(4381, '15:30:00', 1, 26, '2023-06-02'),
(4382, '16:30:00', 1, 26, '2023-06-02'),
(4383, '09:30:00', 1, 27, '2023-06-02'),
(4384, '10:30:00', 1, 27, '2023-06-02'),
(4385, '11:30:00', 1, 27, '2023-06-02'),
(4386, '12:30:00', 1, 27, '2023-06-02'),
(4387, '14:30:00', 1, 27, '2023-06-02'),
(4388, '15:30:00', 1, 27, '2023-06-02'),
(4389, '16:30:00', 1, 27, '2023-06-02'),
(4390, '09:30:00', 1, 28, '2023-06-02'),
(4391, '10:30:00', 1, 28, '2023-06-02'),
(4392, '11:30:00', 1, 28, '2023-06-02'),
(4393, '12:30:00', 1, 28, '2023-06-02'),
(4394, '14:30:00', 1, 28, '2023-06-02'),
(4395, '15:30:00', 1, 28, '2023-06-02'),
(4396, '16:30:00', 1, 28, '2023-06-02'),
(4397, '09:30:00', 1, 29, '2023-06-02'),
(4398, '10:30:00', 1, 29, '2023-06-02'),
(4399, '11:30:00', 1, 29, '2023-06-02'),
(4400, '12:30:00', 1, 29, '2023-06-02'),
(4401, '14:30:00', 1, 29, '2023-06-02'),
(4402, '15:30:00', 1, 29, '2023-06-02'),
(4403, '16:30:00', 1, 29, '2023-06-02'),
(4404, '09:30:00', 1, 30, '2023-06-02'),
(4405, '10:30:00', 1, 30, '2023-06-02'),
(4406, '11:30:00', 1, 30, '2023-06-02'),
(4407, '12:30:00', 1, 30, '2023-06-02'),
(4408, '14:30:00', 1, 30, '2023-06-02'),
(4409, '15:30:00', 1, 30, '2023-06-02'),
(4410, '16:30:00', 1, 30, '2023-06-02'),
(4411, '09:30:00', 1, 31, '2023-06-02'),
(4412, '10:30:00', 1, 31, '2023-06-02'),
(4413, '11:30:00', 1, 31, '2023-06-02'),
(4414, '12:30:00', 1, 31, '2023-06-02'),
(4415, '14:30:00', 1, 31, '2023-06-02'),
(4416, '15:30:00', 1, 31, '2023-06-02'),
(4417, '16:30:00', 1, 31, '2023-06-02'),
(4418, '09:30:00', 1, 32, '2023-06-02'),
(4419, '10:30:00', 1, 32, '2023-06-02'),
(4420, '11:30:00', 1, 32, '2023-06-02'),
(4421, '12:30:00', 1, 32, '2023-06-02'),
(4422, '14:30:00', 1, 32, '2023-06-02'),
(4423, '15:30:00', 1, 32, '2023-06-02'),
(4424, '16:30:00', 1, 32, '2023-06-02'),
(4425, '09:30:00', 1, 33, '2023-06-02'),
(4426, '10:30:00', 1, 33, '2023-06-02'),
(4427, '11:30:00', 1, 33, '2023-06-02'),
(4428, '12:30:00', 1, 33, '2023-06-02'),
(4429, '14:30:00', 1, 33, '2023-06-02'),
(4430, '15:30:00', 1, 33, '2023-06-02'),
(4431, '16:30:00', 1, 33, '2023-06-02'),
(4432, '09:30:00', 1, 34, '2023-06-02'),
(4433, '10:30:00', 1, 34, '2023-06-02'),
(4434, '11:30:00', 1, 34, '2023-06-02'),
(4435, '12:30:00', 1, 34, '2023-06-02'),
(4436, '14:30:00', 1, 34, '2023-06-02'),
(4437, '15:30:00', 1, 34, '2023-06-02'),
(4438, '16:30:00', 1, 34, '2023-06-02'),
(4439, '09:30:00', 1, 35, '2023-06-02'),
(4440, '10:30:00', 1, 35, '2023-06-02'),
(4441, '11:30:00', 1, 35, '2023-06-02'),
(4442, '12:30:00', 1, 35, '2023-06-02'),
(4443, '14:30:00', 1, 35, '2023-06-02'),
(4444, '15:30:00', 1, 35, '2023-06-02'),
(4445, '16:30:00', 1, 35, '2023-06-02'),
(4446, '09:30:00', 1, 36, '2023-06-02'),
(4447, '10:30:00', 1, 36, '2023-06-02'),
(4448, '11:30:00', 1, 36, '2023-06-02'),
(4449, '12:30:00', 1, 36, '2023-06-02'),
(4450, '14:30:00', 1, 36, '2023-06-02'),
(4451, '15:30:00', 1, 36, '2023-06-02'),
(4452, '16:30:00', 1, 36, '2023-06-02'),
(4453, '09:30:00', 1, 37, '2023-06-02'),
(4454, '10:30:00', 1, 37, '2023-06-02'),
(4455, '11:30:00', 1, 37, '2023-06-02'),
(4456, '12:30:00', 1, 37, '2023-06-02'),
(4457, '14:30:00', 1, 37, '2023-06-02'),
(4458, '15:30:00', 1, 37, '2023-06-02'),
(4459, '16:30:00', 1, 37, '2023-06-02'),
(4460, '09:30:00', 1, 38, '2023-06-02'),
(4461, '10:30:00', 1, 38, '2023-06-02'),
(4462, '11:30:00', 1, 38, '2023-06-02'),
(4463, '12:30:00', 1, 38, '2023-06-02'),
(4464, '14:30:00', 1, 38, '2023-06-02'),
(4465, '15:30:00', 1, 38, '2023-06-02'),
(4466, '16:30:00', 1, 38, '2023-06-02'),
(4467, '09:30:00', 1, 39, '2023-06-02'),
(4468, '10:30:00', 1, 39, '2023-06-02'),
(4469, '11:30:00', 1, 39, '2023-06-02'),
(4470, '12:30:00', 1, 39, '2023-06-02'),
(4471, '14:30:00', 1, 39, '2023-06-02'),
(4472, '15:30:00', 1, 39, '2023-06-02'),
(4473, '16:30:00', 1, 39, '2023-06-02'),
(4474, '09:30:00', 1, 40, '2023-06-02'),
(4475, '10:30:00', 1, 40, '2023-06-02'),
(4476, '11:30:00', 1, 40, '2023-06-02'),
(4477, '12:30:00', 1, 40, '2023-06-02'),
(4478, '14:30:00', 1, 40, '2023-06-02'),
(4479, '15:30:00', 1, 40, '2023-06-02'),
(4480, '16:30:00', 1, 40, '2023-06-02'),
(4481, '09:30:00', 1, 41, '2023-06-02'),
(4482, '10:30:00', 1, 41, '2023-06-02'),
(4483, '11:30:00', 1, 41, '2023-06-02'),
(4484, '12:30:00', 1, 41, '2023-06-02'),
(4485, '14:30:00', 1, 41, '2023-06-02'),
(4486, '15:30:00', 1, 41, '2023-06-02'),
(4487, '16:30:00', 1, 42, '2023-06-02'),
(4488, '09:30:00', 1, 42, '2023-06-02'),
(4489, '10:30:00', 1, 42, '2023-06-02'),
(4490, '11:30:00', 1, 42, '2023-06-02'),
(4491, '12:30:00', 1, 42, '2023-06-02'),
(4492, '14:30:00', 1, 42, '2023-06-02'),
(4493, '15:30:00', 1, 42, '2023-06-02'),
(4494, '16:30:00', 1, 42, '2023-06-02'),
(4495, '09:30:00', 1, 43, '2023-06-02'),
(4496, '10:30:00', 1, 43, '2023-06-02'),
(4497, '11:30:00', 1, 43, '2023-06-02'),
(4498, '12:30:00', 1, 43, '2023-06-02'),
(4499, '14:30:00', 1, 43, '2023-06-02'),
(4500, '15:30:00', 1, 43, '2023-06-02'),
(4501, '16:30:00', 1, 43, '2023-06-02'),
(4502, '09:30:00', 1, 44, '2023-06-02'),
(4503, '10:30:00', 1, 44, '2023-06-02'),
(4504, '11:30:00', 1, 44, '2023-06-02'),
(4505, '12:30:00', 1, 44, '2023-06-02'),
(4506, '14:30:00', 1, 44, '2023-06-02'),
(4507, '15:30:00', 1, 44, '2023-06-02'),
(4508, '16:30:00', 1, 44, '2023-06-02'),
(4509, '09:30:00', 1, 45, '2023-06-02'),
(4510, '10:30:00', 1, 45, '2023-06-02'),
(4511, '11:30:00', 1, 45, '2023-06-02'),
(4512, '12:30:00', 1, 45, '2023-06-02'),
(4513, '14:30:00', 1, 45, '2023-06-02'),
(4514, '15:30:00', 1, 45, '2023-06-02'),
(4515, '16:30:00', 1, 45, '2023-06-02'),
(4516, '09:30:00', 1, 46, '2023-06-02'),
(4517, '10:30:00', 1, 46, '2023-06-02'),
(4518, '11:30:00', 1, 46, '2023-06-02'),
(4519, '12:30:00', 1, 46, '2023-06-02'),
(4520, '14:30:00', 1, 46, '2023-06-02'),
(4521, '15:30:00', 1, 46, '2023-06-02'),
(4522, '16:30:00', 1, 46, '2023-06-02'),
(4523, '09:30:00', 1, 47, '2023-06-02'),
(4524, '10:30:00', 1, 47, '2023-06-02'),
(4525, '11:30:00', 1, 47, '2023-06-02'),
(4526, '12:30:00', 1, 47, '2023-06-02'),
(4527, '14:30:00', 1, 47, '2023-06-02'),
(4528, '15:30:00', 1, 47, '2023-06-02'),
(4529, '16:30:00', 1, 47, '2023-06-02'),
(4530, '09:30:00', 1, 48, '2023-06-02'),
(4531, '10:30:00', 1, 48, '2023-06-02'),
(4532, '11:30:00', 1, 48, '2023-06-02'),
(4533, '12:30:00', 1, 48, '2023-06-02'),
(4534, '14:30:00', 1, 48, '2023-06-02'),
(4535, '15:30:00', 1, 48, '2023-06-02'),
(4536, '16:30:00', 1, 48, '2023-06-02'),
(4537, '09:30:00', 1, 49, '2023-06-02'),
(4538, '10:30:00', 1, 49, '2023-06-02'),
(4539, '11:30:00', 1, 49, '2023-06-02'),
(4540, '12:30:00', 1, 49, '2023-06-02'),
(4541, '14:30:00', 1, 49, '2023-06-02'),
(4542, '15:30:00', 1, 49, '2023-06-02'),
(4543, '16:30:00', 1, 49, '2023-06-02'),
(4544, '09:30:00', 1, 50, '2023-06-02'),
(4545, '10:30:00', 1, 50, '2023-06-02'),
(4546, '11:30:00', 1, 50, '2023-06-02'),
(4547, '12:30:00', 1, 50, '2023-06-02'),
(4548, '14:30:00', 1, 50, '2023-06-02'),
(4549, '15:30:00', 1, 50, '2023-06-02'),
(4550, '16:30:00', 1, 50, '2023-06-02'),
(4551, '09:30:00', 1, 51, '2023-06-02'),
(4552, '10:30:00', 1, 51, '2023-06-02'),
(4553, '11:30:00', 1, 51, '2023-06-02'),
(4554, '12:30:00', 1, 51, '2023-06-02'),
(4555, '14:30:00', 1, 51, '2023-06-02'),
(4556, '15:30:00', 1, 51, '2023-06-02'),
(4557, '16:30:00', 1, 51, '2023-06-02'),
(4558, '09:30:00', 1, 52, '2023-06-02'),
(4559, '10:30:00', 1, 52, '2023-06-02'),
(4560, '11:30:00', 1, 52, '2023-06-02'),
(4561, '12:30:00', 1, 52, '2023-06-02'),
(4562, '14:30:00', 1, 52, '2023-06-02'),
(4563, '15:30:00', 1, 52, '2023-06-02'),
(4564, '16:30:00', 1, 52, '2023-06-02'),
(4565, '09:30:00', 1, 53, '2023-06-02'),
(4566, '10:30:00', 1, 53, '2023-06-02'),
(4567, '11:30:00', 1, 53, '2023-06-02'),
(4568, '12:30:00', 1, 53, '2023-06-02'),
(4569, '14:30:00', 1, 53, '2023-06-02'),
(4570, '15:30:00', 1, 53, '2023-06-02'),
(4571, '16:30:00', 1, 53, '2023-06-02'),
(4572, '09:30:00', 1, 54, '2023-06-02'),
(4573, '10:30:00', 1, 54, '2023-06-02'),
(4574, '11:30:00', 1, 54, '2023-06-02'),
(4575, '12:30:00', 1, 54, '2023-06-02'),
(4576, '14:30:00', 1, 54, '2023-06-02'),
(4577, '15:30:00', 1, 54, '2023-06-02'),
(4578, '16:30:00', 1, 54, '2023-06-02'),
(4579, '09:30:00', 1, 55, '2023-06-02'),
(4580, '10:30:00', 1, 55, '2023-06-02'),
(4581, '11:30:00', 1, 55, '2023-06-02'),
(4582, '12:30:00', 1, 55, '2023-06-02'),
(4583, '14:30:00', 1, 55, '2023-06-02'),
(4584, '15:30:00', 1, 55, '2023-06-02'),
(4585, '16:30:00', 1, 55, '2023-06-02'),
(4586, '09:30:00', 1, 56, '2023-06-02'),
(4587, '10:30:00', 1, 56, '2023-06-02'),
(4588, '11:30:00', 1, 56, '2023-06-02'),
(4589, '12:30:00', 1, 56, '2023-06-02'),
(4590, '14:30:00', 1, 56, '2023-06-02'),
(4591, '15:30:00', 1, 56, '2023-06-02'),
(4592, '16:30:00', 1, 56, '2023-06-02'),
(4593, '09:30:00', 1, 57, '2023-06-02'),
(4594, '10:30:00', 1, 57, '2023-06-02'),
(4595, '11:30:00', 1, 57, '2023-06-02'),
(4596, '12:30:00', 1, 57, '2023-06-02'),
(4597, '14:30:00', 1, 57, '2023-06-02'),
(4598, '15:30:00', 1, 57, '2023-06-02'),
(4599, '16:30:00', 1, 57, '2023-06-02'),
(4600, '09:30:00', 1, 58, '2023-06-02'),
(4601, '10:30:00', 1, 58, '2023-06-02'),
(4602, '11:30:00', 1, 58, '2023-06-02'),
(4603, '12:30:00', 1, 58, '2023-06-02'),
(4604, '14:30:00', 1, 58, '2023-06-02'),
(4605, '15:30:00', 1, 58, '2023-06-02'),
(4606, '16:30:00', 1, 58, '2023-06-02'),
(4607, '09:30:00', 1, 59, '2023-06-02'),
(4608, '10:30:00', 1, 59, '2023-06-02'),
(4609, '11:30:00', 1, 59, '2023-06-02'),
(4610, '12:30:00', 1, 59, '2023-06-02'),
(4611, '14:30:00', 1, 59, '2023-06-02'),
(4612, '15:30:00', 1, 59, '2023-06-02'),
(4613, '16:30:00', 1, 59, '2023-06-02'),
(4614, '09:30:00', 1, 60, '2023-06-02'),
(4615, '10:30:00', 1, 60, '2023-06-02'),
(4616, '11:30:00', 1, 60, '2023-06-02'),
(4617, '12:30:00', 1, 60, '2023-06-02'),
(4618, '14:30:00', 1, 60, '2023-06-02'),
(4619, '15:30:00', 1, 60, '2023-06-02'),
(4620, '16:30:00', 1, 60, '2023-06-02'),
(4621, '09:30:00', 1, 61, '2023-06-02'),
(4622, '10:30:00', 1, 61, '2023-06-02'),
(4623, '11:30:00', 1, 61, '2023-06-02'),
(4624, '12:30:00', 1, 61, '2023-06-02'),
(4625, '14:30:00', 1, 61, '2023-06-02'),
(4626, '15:30:00', 1, 61, '2023-06-02'),
(4627, '16:30:00', 1, 61, '2023-06-02'),
(4628, '09:30:00', 1, 62, '2023-06-02'),
(4629, '10:30:00', 1, 62, '2023-06-02'),
(4630, '11:30:00', 1, 62, '2023-06-02'),
(4631, '12:30:00', 1, 62, '2023-06-02'),
(4632, '14:30:00', 1, 62, '2023-06-02'),
(4633, '15:30:00', 1, 62, '2023-06-02'),
(4634, '16:30:00', 1, 62, '2023-06-02'),
(4635, '09:30:00', 1, 63, '2023-06-02'),
(4636, '10:30:00', 1, 63, '2023-06-02'),
(4637, '11:30:00', 1, 63, '2023-06-02'),
(4638, '12:30:00', 1, 63, '2023-06-02'),
(4639, '14:30:00', 1, 63, '2023-06-02'),
(4640, '15:30:00', 1, 63, '2023-06-02'),
(4641, '16:30:00', 1, 63, '2023-06-02'),
(4642, '09:30:00', 1, 64, '2023-06-02'),
(4643, '10:30:00', 1, 64, '2023-06-02'),
(4644, '11:30:00', 1, 64, '2023-06-02'),
(4645, '12:30:00', 1, 64, '2023-06-02'),
(4646, '14:30:00', 1, 64, '2023-06-02'),
(4647, '15:30:00', 1, 64, '2023-06-02'),
(4648, '16:30:00', 1, 64, '2023-06-02'),
(4649, '09:30:00', 1, 65, '2023-06-02'),
(4650, '10:30:00', 1, 65, '2023-06-02'),
(4651, '11:30:00', 1, 65, '2023-06-02'),
(4652, '12:30:00', 1, 65, '2023-06-02'),
(4653, '14:30:00', 1, 65, '2023-06-02'),
(4654, '15:30:00', 1, 65, '2023-06-02'),
(4655, '16:30:00', 1, 65, '2023-06-02'),
(4656, '09:30:00', 1, 66, '2023-06-02'),
(4657, '10:30:00', 1, 66, '2023-06-02'),
(4658, '11:30:00', 1, 66, '2023-06-02'),
(4659, '12:30:00', 1, 66, '2023-06-02'),
(4660, '14:30:00', 1, 66, '2023-06-02'),
(4661, '15:30:00', 1, 66, '2023-06-02'),
(4662, '16:30:00', 1, 66, '2023-06-02'),
(4663, '09:30:00', 1, 67, '2023-06-02'),
(4664, '10:30:00', 1, 67, '2023-06-02'),
(4665, '11:30:00', 1, 67, '2023-06-02'),
(4666, '12:30:00', 1, 67, '2023-06-02'),
(4667, '14:30:00', 1, 67, '2023-06-02'),
(4668, '15:30:00', 1, 67, '2023-06-02'),
(4669, '16:30:00', 1, 67, '2023-06-02'),
(4670, '09:30:00', 1, 68, '2023-06-02'),
(4671, '10:30:00', 1, 68, '2023-06-02'),
(4672, '11:30:00', 1, 68, '2023-06-02'),
(4673, '12:30:00', 1, 68, '2023-06-02'),
(4674, '14:30:00', 1, 68, '2023-06-02'),
(4675, '15:30:00', 1, 68, '2023-06-02'),
(4676, '16:30:00', 1, 68, '2023-06-02'),
(4677, '09:30:00', 1, 69, '2023-06-02'),
(4678, '10:30:00', 1, 69, '2023-06-02'),
(4679, '11:30:00', 1, 69, '2023-06-02'),
(4680, '12:30:00', 1, 69, '2023-06-02'),
(4681, '14:30:00', 1, 69, '2023-06-02'),
(4682, '15:30:00', 1, 69, '2023-06-02');
INSERT INTO `calisma_saati` (`calisma_saati_id`, `calisma_saati`, `doluMu`, `doktor_id`, `calisma_tarihi`) VALUES
(4683, '16:30:00', 1, 69, '2023-06-02'),
(4684, '09:30:00', 1, 70, '2023-06-02'),
(4685, '10:30:00', 1, 70, '2023-06-02'),
(4686, '11:30:00', 1, 70, '2023-06-02'),
(4687, '12:30:00', 1, 70, '2023-06-02'),
(4688, '14:30:00', 1, 70, '2023-06-02'),
(4689, '15:30:00', 1, 70, '2023-06-02'),
(4690, '16:30:00', 1, 70, '2023-06-02'),
(4691, '09:30:00', 1, 71, '2023-06-02'),
(4692, '10:30:00', 1, 71, '2023-06-02'),
(4693, '11:30:00', 1, 71, '2023-06-02'),
(4694, '12:30:00', 1, 71, '2023-06-02'),
(4695, '14:30:00', 1, 71, '2023-06-02'),
(4696, '15:30:00', 1, 71, '2023-06-02'),
(4697, '16:30:00', 1, 71, '2023-06-02'),
(4698, '09:30:00', 1, 72, '2023-06-02'),
(4699, '10:30:00', 1, 72, '2023-06-02'),
(4700, '11:30:00', 1, 72, '2023-06-02'),
(4701, '12:30:00', 1, 72, '2023-06-02'),
(4702, '14:30:00', 1, 72, '2023-06-02'),
(4703, '15:30:00', 1, 72, '2023-06-02'),
(4704, '16:30:00', 1, 72, '2023-06-02'),
(4705, '09:30:00', 1, 73, '2023-06-02'),
(4706, '10:30:00', 1, 73, '2023-06-02'),
(4707, '11:30:00', 1, 73, '2023-06-02'),
(4708, '12:30:00', 1, 73, '2023-06-02'),
(4709, '14:30:00', 1, 73, '2023-06-02'),
(4710, '15:30:00', 1, 73, '2023-06-02'),
(4711, '16:30:00', 1, 73, '2023-06-02'),
(4712, '09:30:00', 1, 74, '2023-06-02'),
(4713, '10:30:00', 1, 74, '2023-06-02'),
(4714, '11:30:00', 1, 74, '2023-06-02'),
(4715, '12:30:00', 1, 74, '2023-06-02'),
(4716, '14:30:00', 1, 74, '2023-06-02'),
(4717, '15:30:00', 1, 74, '2023-06-02'),
(4718, '16:30:00', 1, 74, '2023-06-02'),
(4719, '09:30:00', 1, 75, '2023-06-02'),
(4720, '10:30:00', 1, 75, '2023-06-02'),
(4721, '11:30:00', 1, 75, '2023-06-02'),
(4722, '12:30:00', 1, 75, '2023-06-02'),
(4723, '14:30:00', 1, 75, '2023-06-02'),
(4724, '15:30:00', 1, 75, '2023-06-02'),
(4725, '16:30:00', 1, 75, '2023-06-02');

-- --------------------------------------------------------

--
-- Tablo için tablo yapısı `doktor`
--

DROP TABLE IF EXISTS `doktor`;
CREATE TABLE IF NOT EXISTS `doktor` (
  `doktor_id` int NOT NULL,
  `doktor_adi` varchar(50) COLLATE utf8mb3_turkish_ci DEFAULT NULL,
  `doktor_soyadi` varchar(30) COLLATE utf8mb3_turkish_ci NOT NULL,
  `doktor_cinsiyet` tinyint NOT NULL,
  `dogum_tarihi` date DEFAULT NULL,
  `polikilinik_id` int DEFAULT NULL,
  `hastane_id` int DEFAULT NULL,
  `doktor_eposta` varchar(50) CHARACTER SET utf8mb3 COLLATE utf8mb3_turkish_ci NOT NULL,
  `doktor_sifre` longtext CHARACTER SET utf8mb3 COLLATE utf8mb3_turkish_ci NOT NULL,
  PRIMARY KEY (`doktor_id`),
  KEY `hastane_id` (`hastane_id`),
  KEY `polikilinik_id` (`polikilinik_id`)
) ENGINE=MyISAM DEFAULT CHARSET=utf8mb3 COLLATE=utf8mb3_turkish_ci;

--
-- Tablo döküm verisi `doktor`
--

INSERT INTO `doktor` (`doktor_id`, `doktor_adi`, `doktor_soyadi`, `doktor_cinsiyet`, `dogum_tarihi`, `polikilinik_id`, `hastane_id`, `doktor_eposta`, `doktor_sifre`) VALUES
(1, 'Ersin', 'Tekinel', 0, NULL, 2, 1, 'ersintekinel@gmail.com', 'ba3253876aed6bc22d4a6ff53d8406c6ad864195ed144ab5c87621b6c233b548baeae6956df346ec8c17f5ea10f35ee3cbc514797ed7ddd3145464e2a0bab413'),
(2, 'Emre', 'Bağrıyanık', 0, NULL, 8, 1, 'bagriyanik@gmail.com', 'ba3253876aed6bc22d4a6ff53d8406c6ad864195ed144ab5c87621b6c233b548baeae6956df346ec8c17f5ea10f35ee3cbc514797ed7ddd3145464e2a0bab413'),
(3, 'Gamze', 'Memiş', 1, NULL, 13, 1, 'gamzememis@gmail.com', 'ba3253876aed6bc22d4a6ff53d8406c6ad864195ed144ab5c87621b6c233b548baeae6956df346ec8c17f5ea10f35ee3cbc514797ed7ddd3145464e2a0bab413'),
(4, 'Mehmet Ali', 'Uğurlu', 0, NULL, 11, 1, 'maliugurlu@gmail.com', 'ba3253876aed6bc22d4a6ff53d8406c6ad864195ed144ab5c87621b6c233b548baeae6956df346ec8c17f5ea10f35ee3cbc514797ed7ddd3145464e2a0bab413'),
(5, 'Kerem', 'Aktürkoğlu', 0, NULL, 12, 1, 'keremak@gmail.com', 'ba3253876aed6bc22d4a6ff53d8406c6ad864195ed144ab5c87621b6c233b548baeae6956df346ec8c17f5ea10f35ee3cbc514797ed7ddd3145464e2a0bab413'),
(6, 'Selin', 'Öztürk', 1, NULL, 9, 1, 'selinoz@gmail.com', 'ba3253876aed6bc22d4a6ff53d8406c6ad864195ed144ab5c87621b6c233b548baeae6956df346ec8c17f5ea10f35ee3cbc514797ed7ddd3145464e2a0bab413'),
(7, 'Mehmet Ali', 'Sivri', 0, NULL, 15, 1, 'malisvr@gmail.com', 'ba3253876aed6bc22d4a6ff53d8406c6ad864195ed144ab5c87621b6c233b548baeae6956df346ec8c17f5ea10f35ee3cbc514797ed7ddd3145464e2a0bab413'),
(8, 'Melek', 'Güler', 1, NULL, 10, 1, 'melekguler@gmail.com', 'ba3253876aed6bc22d4a6ff53d8406c6ad864195ed144ab5c87621b6c233b548baeae6956df346ec8c17f5ea10f35ee3cbc514797ed7ddd3145464e2a0bab413'),
(9, 'Ayşe', 'Demir', 1, NULL, 6, 1, 'aysedemir@gmail.com', 'ba3253876aed6bc22d4a6ff53d8406c6ad864195ed144ab5c87621b6c233b548baeae6956df346ec8c17f5ea10f35ee3cbc514797ed7ddd3145464e2a0bab413'),
(10, 'Ömer', 'Biçer', 0, NULL, 7, 1, 'omerbicer@gmail.com', 'ba3253876aed6bc22d4a6ff53d8406c6ad864195ed144ab5c87621b6c233b548baeae6956df346ec8c17f5ea10f35ee3cbc514797ed7ddd3145464e2a0bab413'),
(11, 'Kaan', 'Yılmaz', 0, NULL, 4, 1, 'kaanyilmaz@gmail.com', 'ba3253876aed6bc22d4a6ff53d8406c6ad864195ed144ab5c87621b6c233b548baeae6956df346ec8c17f5ea10f35ee3cbc514797ed7ddd3145464e2a0bab413'),
(12, 'Dilara', 'Kaya', 1, NULL, 3, 1, 'dilarakaya@gmail.com', 'ba3253876aed6bc22d4a6ff53d8406c6ad864195ed144ab5c87621b6c233b548baeae6956df346ec8c17f5ea10f35ee3cbc514797ed7ddd3145464e2a0bab413'),
(13, 'Duygu', 'Türker', 1, NULL, 14, 1, 'duyguturker@gmail.com', 'ba3253876aed6bc22d4a6ff53d8406c6ad864195ed144ab5c87621b6c233b548baeae6956df346ec8c17f5ea10f35ee3cbc514797ed7ddd3145464e2a0bab413'),
(14, 'Veysel', 'Uğurlu', 0, NULL, 1, 1, 'veysel@gmail.com', 'ba3253876aed6bc22d4a6ff53d8406c6ad864195ed144ab5c87621b6c233b548baeae6956df346ec8c17f5ea10f35ee3cbc514797ed7ddd3145464e2a0bab413'),
(15, 'Ayşe', 'Yılmaz', 1, NULL, 5, 1, 'ayseyilmaz@gmail.com', 'ba3253876aed6bc22d4a6ff53d8406c6ad864195ed144ab5c87621b6c233b548baeae6956df346ec8c17f5ea10f35ee3cbc514797ed7ddd3145464e2a0bab413'),
(16, 'Zeynep', 'Suruş', 1, NULL, 2, 2, 'zeynepsurus@gmail.com', 'ba3253876aed6bc22d4a6ff53d8406c6ad864195ed144ab5c87621b6c233b548baeae6956df346ec8c17f5ea10f35ee3cbc514797ed7ddd3145464e2a0bab413'),
(17, 'Mehmet Kemal', 'Budak', 0, NULL, 8, 2, 'mkemalbudak@gmail.com', 'ba3253876aed6bc22d4a6ff53d8406c6ad864195ed144ab5c87621b6c233b548baeae6956df346ec8c17f5ea10f35ee3cbc514797ed7ddd3145464e2a0bab413'),
(18, 'Melisa', 'Sevinç', 1, NULL, 13, 2, 'melisasevinc@gmail.com', 'ba3253876aed6bc22d4a6ff53d8406c6ad864195ed144ab5c87621b6c233b548baeae6956df346ec8c17f5ea10f35ee3cbc514797ed7ddd3145464e2a0bab413'),
(19, 'Aylin', 'Koçak', 1, NULL, 11, 2, 'aylinkocak@gmail.com', 'ba3253876aed6bc22d4a6ff53d8406c6ad864195ed144ab5c87621b6c233b548baeae6956df346ec8c17f5ea10f35ee3cbc514797ed7ddd3145464e2a0bab413'),
(20, 'Ömer', 'Karayılan', 0, NULL, 12, 2, 'omerkarayilan@gmail.com', 'ba3253876aed6bc22d4a6ff53d8406c6ad864195ed144ab5c87621b6c233b548baeae6956df346ec8c17f5ea10f35ee3cbc514797ed7ddd3145464e2a0bab413'),
(21, 'Seda', 'Dağ', 1, NULL, 9, 2, 'sedadag@gmail.com', 'ba3253876aed6bc22d4a6ff53d8406c6ad864195ed144ab5c87621b6c233b548baeae6956df346ec8c17f5ea10f35ee3cbc514797ed7ddd3145464e2a0bab413'),
(22, 'Murat', 'Türk', 0, NULL, 15, 2, 'muratturk@gmail.com', 'ba3253876aed6bc22d4a6ff53d8406c6ad864195ed144ab5c87621b6c233b548baeae6956df346ec8c17f5ea10f35ee3cbc514797ed7ddd3145464e2a0bab413'),
(23, 'Meryem', 'Boz', 1, NULL, 10, 2, 'meryemboz@gmail.com', 'ba3253876aed6bc22d4a6ff53d8406c6ad864195ed144ab5c87621b6c233b548baeae6956df346ec8c17f5ea10f35ee3cbc514797ed7ddd3145464e2a0bab413'),
(24, 'Ayla', 'Koç', 1, NULL, 6, 2, 'aylakoc@gmail.com', 'ba3253876aed6bc22d4a6ff53d8406c6ad864195ed144ab5c87621b6c233b548baeae6956df346ec8c17f5ea10f35ee3cbc514797ed7ddd3145464e2a0bab413'),
(25, 'Bilal', 'Kurt', 0, NULL, 7, 2, 'bilalkurt@gmail.com', 'ba3253876aed6bc22d4a6ff53d8406c6ad864195ed144ab5c87621b6c233b548baeae6956df346ec8c17f5ea10f35ee3cbc514797ed7ddd3145464e2a0bab413'),
(26, 'Kadir', 'Tek', 0, NULL, 4, 2, 'kadirtek@gmail.com', 'ba3253876aed6bc22d4a6ff53d8406c6ad864195ed144ab5c87621b6c233b548baeae6956df346ec8c17f5ea10f35ee3cbc514797ed7ddd3145464e2a0bab413'),
(27, 'Dila', 'Bozkurt', 1, NULL, 3, 2, 'dilabozkurt@gmail.com', 'ba3253876aed6bc22d4a6ff53d8406c6ad864195ed144ab5c87621b6c233b548baeae6956df346ec8c17f5ea10f35ee3cbc514797ed7ddd3145464e2a0bab413'),
(28, 'Duygu', 'Aslan', 1, NULL, 14, 2, 'duyguaslan@gmail.com', 'ba3253876aed6bc22d4a6ff53d8406c6ad864195ed144ab5c87621b6c233b548baeae6956df346ec8c17f5ea10f35ee3cbc514797ed7ddd3145464e2a0bab413'),
(29, 'Veli', 'Altın', 0, NULL, 1, 2, 'velialtin@gmail.com', 'ba3253876aed6bc22d4a6ff53d8406c6ad864195ed144ab5c87621b6c233b548baeae6956df346ec8c17f5ea10f35ee3cbc514797ed7ddd3145464e2a0bab413'),
(30, 'Ayşe', 'Altın', 1, NULL, 5, 2, 'aysealtin@gmail.com', 'ba3253876aed6bc22d4a6ff53d8406c6ad864195ed144ab5c87621b6c233b548baeae6956df346ec8c17f5ea10f35ee3cbc514797ed7ddd3145464e2a0bab413'),
(31, 'Hatice', 'Duran', 1, NULL, 2, 3, 'haticeduran@gmail.com', 'ba3253876aed6bc22d4a6ff53d8406c6ad864195ed144ab5c87621b6c233b548baeae6956df346ec8c17f5ea10f35ee3cbc514797ed7ddd3145464e2a0bab413'),
(32, 'Kerim', 'Çoban', 0, NULL, 8, 3, 'kerimcoban@gmail.com', 'ba3253876aed6bc22d4a6ff53d8406c6ad864195ed144ab5c87621b6c233b548baeae6956df346ec8c17f5ea10f35ee3cbc514797ed7ddd3145464e2a0bab413'),
(33, 'Ece', 'Gül', 1, NULL, 13, 3, 'ecegul@gmail.com', 'ba3253876aed6bc22d4a6ff53d8406c6ad864195ed144ab5c87621b6c233b548baeae6956df346ec8c17f5ea10f35ee3cbc514797ed7ddd3145464e2a0bab413'),
(34, 'Afra', 'Aslan', 1, NULL, 11, 3, 'afraaslan@gmail.com', 'ba3253876aed6bc22d4a6ff53d8406c6ad864195ed144ab5c87621b6c233b548baeae6956df346ec8c17f5ea10f35ee3cbc514797ed7ddd3145464e2a0bab413'),
(35, 'Berat', 'Kurt', 0, NULL, 12, 3, 'beratkurt@gmail.com', 'ba3253876aed6bc22d4a6ff53d8406c6ad864195ed144ab5c87621b6c233b548baeae6956df346ec8c17f5ea10f35ee3cbc514797ed7ddd3145464e2a0bab413'),
(36, 'Sena', 'Gün', 1, NULL, 9, 3, 'senagun@gmail.com', 'ba3253876aed6bc22d4a6ff53d8406c6ad864195ed144ab5c87621b6c233b548baeae6956df346ec8c17f5ea10f35ee3cbc514797ed7ddd3145464e2a0bab413'),
(37, 'Mahmut', 'Tekdemir', 0, NULL, 15, 3, 'mahmuttekdemir@gmail.com', 'ba3253876aed6bc22d4a6ff53d8406c6ad864195ed144ab5c87621b6c233b548baeae6956df346ec8c17f5ea10f35ee3cbc514797ed7ddd3145464e2a0bab413'),
(38, 'Mila', 'Doğan', 1, NULL, 10, 3, 'miladogan@gmail.com', 'ba3253876aed6bc22d4a6ff53d8406c6ad864195ed144ab5c87621b6c233b548baeae6956df346ec8c17f5ea10f35ee3cbc514797ed7ddd3145464e2a0bab413'),
(39, 'Aylin', 'Koçak', 1, NULL, 6, 3, 'aylinkocak@gmail.com', 'ba3253876aed6bc22d4a6ff53d8406c6ad864195ed144ab5c87621b6c233b548baeae6956df346ec8c17f5ea10f35ee3cbc514797ed7ddd3145464e2a0bab413'),
(40, 'Bilal Ahmet', 'Ayrı', 0, NULL, 7, 3, 'bilalahmetayri@gmail.com', 'ba3253876aed6bc22d4a6ff53d8406c6ad864195ed144ab5c87621b6c233b548baeae6956df346ec8c17f5ea10f35ee3cbc514797ed7ddd3145464e2a0bab413'),
(41, 'Muhammed Kadir', 'Görgülü', 0, NULL, 4, 3, 'muhammedkadirgorgulu@gmail.com', 'ba3253876aed6bc22d4a6ff53d8406c6ad864195ed144ab5c87621b6c233b548baeae6956df346ec8c17f5ea10f35ee3cbc514797ed7ddd3145464e2a0bab413'),
(42, 'Dilan', 'Uçak', 1, NULL, 3, 3, 'dilanucak@gmail.com', 'ba3253876aed6bc22d4a6ff53d8406c6ad864195ed144ab5c87621b6c233b548baeae6956df346ec8c17f5ea10f35ee3cbc514797ed7ddd3145464e2a0bab413'),
(43, 'Duygu Ece', 'Öztürkler', 1, NULL, 14, 3, 'duygueceozturkler@gmail.com', 'ba3253876aed6bc22d4a6ff53d8406c6ad864195ed144ab5c87621b6c233b548baeae6956df346ec8c17f5ea10f35ee3cbc514797ed7ddd3145464e2a0bab413'),
(44, 'Ahmet Veli', 'Öz', 0, NULL, 1, 3, 'ahmetvelioz@gmail.com', 'ba3253876aed6bc22d4a6ff53d8406c6ad864195ed144ab5c87621b6c233b548baeae6956df346ec8c17f5ea10f35ee3cbc514797ed7ddd3145464e2a0bab413'),
(45, 'Ayça', 'Koton', 1, NULL, 5, 3, 'aycakoton@gmail.com', 'ba3253876aed6bc22d4a6ff53d8406c6ad864195ed144ab5c87621b6c233b548baeae6956df346ec8c17f5ea10f35ee3cbc514797ed7ddd3145464e2a0bab413'),
(46, 'Halime Fatma', 'Uçuk', 1, NULL, 2, 4, 'halimefatmaucuk@gmail.com', 'ba3253876aed6bc22d4a6ff53d8406c6ad864195ed144ab5c87621b6c233b548baeae6956df346ec8c17f5ea10f35ee3cbc514797ed7ddd3145464e2a0bab413'),
(47, 'Muhammed Kerem', 'Kutlu', 0, NULL, 8, 4, 'muhammedkeremkutlu@gmail.com', 'ba3253876aed6bc22d4a6ff53d8406c6ad864195ed144ab5c87621b6c233b548baeae6956df346ec8c17f5ea10f35ee3cbc514797ed7ddd3145464e2a0bab413'),
(48, 'Ece Naz', 'Uç', 1, NULL, 13, 4, 'ecenazuc@gmail.com', 'ba3253876aed6bc22d4a6ff53d8406c6ad864195ed144ab5c87621b6c233b548baeae6956df346ec8c17f5ea10f35ee3cbc514797ed7ddd3145464e2a0bab413'),
(49, 'Afra Nur', 'Koç', 1, NULL, 11, 4, 'afranurkoc@gmail.com', 'ba3253876aed6bc22d4a6ff53d8406c6ad864195ed144ab5c87621b6c233b548baeae6956df346ec8c17f5ea10f35ee3cbc514797ed7ddd3145464e2a0bab413'),
(50, 'Kerim Berat', 'Arslan', 0, NULL, 12, 4, 'kerimberatarslan@gmail.com', 'ba3253876aed6bc22d4a6ff53d8406c6ad864195ed144ab5c87621b6c233b548baeae6956df346ec8c17f5ea10f35ee3cbc514797ed7ddd3145464e2a0bab413'),
(51, 'Selin Nur', 'Üstün', 1, NULL, 9, 4, 'selinnurustun@gmail.com', 'ba3253876aed6bc22d4a6ff53d8406c6ad864195ed144ab5c87621b6c233b548baeae6956df346ec8c17f5ea10f35ee3cbc514797ed7ddd3145464e2a0bab413'),
(52, 'Mahmut Ali', 'Koçdemir', 0, NULL, 15, 4, 'mahmutalikocdemir@gmail.com', 'ba3253876aed6bc22d4a6ff53d8406c6ad864195ed144ab5c87621b6c233b548baeae6956df346ec8c17f5ea10f35ee3cbc514797ed7ddd3145464e2a0bab413'),
(53, 'Melisa Nur', 'Ayrık', 1, NULL, 10, 4, 'melisanurayrik@gmail.com', 'ba3253876aed6bc22d4a6ff53d8406c6ad864195ed144ab5c87621b6c233b548baeae6956df346ec8c17f5ea10f35ee3cbc514797ed7ddd3145464e2a0bab413'),
(54, 'Ayla', 'Vural', 1, NULL, 6, 4, 'aylavural@gmail.com', 'ba3253876aed6bc22d4a6ff53d8406c6ad864195ed144ab5c87621b6c233b548baeae6956df346ec8c17f5ea10f35ee3cbc514797ed7ddd3145464e2a0bab413'),
(55, 'Barkın', 'Kuru', 0, NULL, 7, 4, 'barkinkuru@gmail.com', 'ba3253876aed6bc22d4a6ff53d8406c6ad864195ed144ab5c87621b6c233b548baeae6956df346ec8c17f5ea10f35ee3cbc514797ed7ddd3145464e2a0bab413'),
(56, 'Ahmet Sefa', 'Göllü', 0, NULL, 4, 4, 'ahmetsefagollu@gmail.com', 'ba3253876aed6bc22d4a6ff53d8406c6ad864195ed144ab5c87621b6c233b548baeae6956df346ec8c17f5ea10f35ee3cbc514797ed7ddd3145464e2a0bab413'),
(57, 'Dila Nur', 'Uçmuş', 1, NULL, 3, 4, 'dilanurucmus@gmail.com', 'ba3253876aed6bc22d4a6ff53d8406c6ad864195ed144ab5c87621b6c233b548baeae6956df346ec8c17f5ea10f35ee3cbc514797ed7ddd3145464e2a0bab413'),
(58, 'Sena Ece', 'Bozkurtlar', 1, NULL, 14, 4, 'senaecebozkurtlar@gmail.com', 'ba3253876aed6bc22d4a6ff53d8406c6ad864195ed144ab5c87621b6c233b548baeae6956df346ec8c17f5ea10f35ee3cbc514797ed7ddd3145464e2a0bab413'),
(59, 'Hasan Ali', 'Kaldırım', 0, NULL, 1, 4, 'hasanalikaldirim@gmail.com', 'ba3253876aed6bc22d4a6ff53d8406c6ad864195ed144ab5c87621b6c233b548baeae6956df346ec8c17f5ea10f35ee3cbc514797ed7ddd3145464e2a0bab413'),
(60, 'Ayça Nur', 'Altın', 1, NULL, 5, 4, 'aycanuraltin@gmail.com', 'ba3253876aed6bc22d4a6ff53d8406c6ad864195ed144ab5c87621b6c233b548baeae6956df346ec8c17f5ea10f35ee3cbc514797ed7ddd3145464e2a0bab413'),
(61, 'Hayriye Nur', 'Pınar', 1, NULL, 2, 5, 'hayriyenurpinar@gmail.com', 'ba3253876aed6bc22d4a6ff53d8406c6ad864195ed144ab5c87621b6c233b548baeae6956df346ec8c17f5ea10f35ee3cbc514797ed7ddd3145464e2a0bab413'),
(62, 'Muhammed Berkan', 'Koray', 0, NULL, 8, 5, 'muhammedberkankoray@gmail.com', 'ba3253876aed6bc22d4a6ff53d8406c6ad864195ed144ab5c87621b6c233b548baeae6956df346ec8c17f5ea10f35ee3cbc514797ed7ddd3145464e2a0bab413'),
(63, 'Ecrin', 'Demir', 1, NULL, 13, 5, 'ecrindemir@gmail.com', 'ba3253876aed6bc22d4a6ff53d8406c6ad864195ed144ab5c87621b6c233b548baeae6956df346ec8c17f5ea10f35ee3cbc514797ed7ddd3145464e2a0bab413'),
(64, 'Ayla Fatma Nur', 'Koçak', 1, NULL, 11, 5, 'aylafatmanurkocak@gmail.com', 'ba3253876aed6bc22d4a6ff53d8406c6ad864195ed144ab5c87621b6c233b548baeae6956df346ec8c17f5ea10f35ee3cbc514797ed7ddd3145464e2a0bab413'),
(65, 'Kemal', 'Alparslan', 0, NULL, 12, 5, 'kemalalparslan@gmail.com', 'ba3253876aed6bc22d4a6ff53d8406c6ad864195ed144ab5c87621b6c233b548baeae6956df346ec8c17f5ea10f35ee3cbc514797ed7ddd3145464e2a0bab413'),
(66, 'Selinay', 'Bilgin', 1, NULL, 9, 5, 'selinaybilgin@gmail.com', 'ba3253876aed6bc22d4a6ff53d8406c6ad864195ed144ab5c87621b6c233b548baeae6956df346ec8c17f5ea10f35ee3cbc514797ed7ddd3145464e2a0bab413'),
(67, 'Hüseyin', 'Budak', 0, NULL, 15, 5, 'huseyinbudak@gmail.com', 'ba3253876aed6bc22d4a6ff53d8406c6ad864195ed144ab5c87621b6c233b548baeae6956df346ec8c17f5ea10f35ee3cbc514797ed7ddd3145464e2a0bab413'),
(68, 'Şeyma', 'Su', 1, NULL, 10, 5, 'seymasu@gmail.com', 'ba3253876aed6bc22d4a6ff53d8406c6ad864195ed144ab5c87621b6c233b548baeae6956df346ec8c17f5ea10f35ee3cbc514797ed7ddd3145464e2a0bab413'),
(69, 'Damla', 'Ak', 1, NULL, 6, 5, 'damlaak@gmail.com', 'ba3253876aed6bc22d4a6ff53d8406c6ad864195ed144ab5c87621b6c233b548baeae6956df346ec8c17f5ea10f35ee3cbc514797ed7ddd3145464e2a0bab413'),
(70, 'Muhammed Bilal', 'Altın', 0, NULL, 7, 5, 'muhammedbilalaltin@gmail.com', 'ba3253876aed6bc22d4a6ff53d8406c6ad864195ed144ab5c87621b6c233b548baeae6956df346ec8c17f5ea10f35ee3cbc514797ed7ddd3145464e2a0bab413'),
(71, 'Mustafa', 'Dinç', 0, NULL, 4, 5, 'mustafadinc@gmail.com', 'ba3253876aed6bc22d4a6ff53d8406c6ad864195ed144ab5c87621b6c233b548baeae6956df346ec8c17f5ea10f35ee3cbc514797ed7ddd3145464e2a0bab413'),
(72, 'Yaren', 'Kaya', 1, NULL, 3, 5, 'yarenkaya@gmail.com', 'ba3253876aed6bc22d4a6ff53d8406c6ad864195ed144ab5c87621b6c233b548baeae6956df346ec8c17f5ea10f35ee3cbc514797ed7ddd3145464e2a0bab413'),
(73, 'Yaren Nur', 'Kurtulan', 1, NULL, 14, 5, 'yarennurkurtulan@gmail.com', 'ba3253876aed6bc22d4a6ff53d8406c6ad864195ed144ab5c87621b6c233b548baeae6956df346ec8c17f5ea10f35ee3cbc514797ed7ddd3145464e2a0bab413'),
(74, 'Hüseyin Kemal', 'Sonuç', 0, NULL, 1, 5, 'huseyinkemalsonuc@gmail.com', 'ba3253876aed6bc22d4a6ff53d8406c6ad864195ed144ab5c87621b6c233b548baeae6956df346ec8c17f5ea10f35ee3cbc514797ed7ddd3145464e2a0bab413'),
(75, 'Hilal', 'Kuyumcu', 1, NULL, 5, 5, 'hilalkuyumcu@gmail.com', 'ba3253876aed6bc22d4a6ff53d8406c6ad864195ed144ab5c87621b6c233b548baeae6956df346ec8c17f5ea10f35ee3cbc514797ed7ddd3145464e2a0bab413');

-- --------------------------------------------------------

--
-- Tablo için tablo yapısı `doktor_cevap`
--

DROP TABLE IF EXISTS `doktor_cevap`;
CREATE TABLE IF NOT EXISTS `doktor_cevap` (
  `doktor_cevap_id` int NOT NULL AUTO_INCREMENT,
  `doktor_id` int NOT NULL,
  `hasta_eposta` varchar(80) COLLATE utf8mb3_turkish_ci NOT NULL,
  `hasta_soru` text COLLATE utf8mb3_turkish_ci NOT NULL,
  `poliklinik` varchar(80) COLLATE utf8mb3_turkish_ci NOT NULL,
  `cevap` text COLLATE utf8mb3_turkish_ci NOT NULL,
  PRIMARY KEY (`doktor_cevap_id`)
) ENGINE=MyISAM AUTO_INCREMENT=8 DEFAULT CHARSET=utf8mb3 COLLATE=utf8mb3_turkish_ci;

--
-- Tablo döküm verisi `doktor_cevap`
--

INSERT INTO `doktor_cevap` (`doktor_cevap_id`, `doktor_id`, `hasta_eposta`, `hasta_soru`, `poliklinik`, `cevap`) VALUES
(7, 1, 'ahmetaydin@gmail.com', 'Sabah kahvaltıda tereyağ yenir mi?', 'Beslenme ve Diyet', 'Terayağ tüketirken 1 yemek kaşığını kendimize eşik olarak belirlemeli ve bu sınırı aşmamalıyız.');

-- --------------------------------------------------------

--
-- Tablo için tablo yapısı `hastalar`
--

DROP TABLE IF EXISTS `hastalar`;
CREATE TABLE IF NOT EXISTS `hastalar` (
  `hasta_id` int NOT NULL AUTO_INCREMENT,
  `hasta_adi` varchar(50) COLLATE utf8mb3_turkish_ci NOT NULL,
  `hasta_soyadi` varchar(50) COLLATE utf8mb3_turkish_ci NOT NULL,
  `hasta_TC` varchar(11) COLLATE utf8mb3_turkish_ci NOT NULL,
  `hasta_eposta` varchar(50) COLLATE utf8mb3_turkish_ci NOT NULL,
  `hasta_cinsiyet` tinyint DEFAULT NULL,
  `hasta_telefon` varchar(11) COLLATE utf8mb3_turkish_ci DEFAULT NULL,
  `hasta_dogum_tarihi` date DEFAULT NULL,
  `hasta_dogum_yeri` varchar(50) COLLATE utf8mb3_turkish_ci DEFAULT NULL,
  `hasta_adress` longtext COLLATE utf8mb3_turkish_ci,
  `hasta_kan` varchar(5) COLLATE utf8mb3_turkish_ci DEFAULT NULL,
  `hasta_sifre` longtext COLLATE utf8mb3_turkish_ci NOT NULL,
  PRIMARY KEY (`hasta_id`)
) ENGINE=MyISAM AUTO_INCREMENT=77 DEFAULT CHARSET=utf8mb3 COLLATE=utf8mb3_turkish_ci;

--
-- Tablo döküm verisi `hastalar`
--

INSERT INTO `hastalar` (`hasta_id`, `hasta_adi`, `hasta_soyadi`, `hasta_TC`, `hasta_eposta`, `hasta_cinsiyet`, `hasta_telefon`, `hasta_dogum_tarihi`, `hasta_dogum_yeri`, `hasta_adress`, `hasta_kan`, `hasta_sifre`) VALUES
(76, 'Ahmet', 'Aydın', '24411154789', 'ahmetaydin@gmail.com', 0, '', '2010-02-25', '', '', '0+', 'fa585d89c851dd338a70dcf535aa2a92fee7836dd6aff1226583e88e0996293f16bc009c652826e0fc5c706695a03cddce372f139eff4d13959da6f1f5d3eabe');

-- --------------------------------------------------------

--
-- Tablo için tablo yapısı `hastaneler`
--

DROP TABLE IF EXISTS `hastaneler`;
CREATE TABLE IF NOT EXISTS `hastaneler` (
  `hastane_id` int NOT NULL,
  `hastane_adi` varchar(80) COLLATE utf8mb3_turkish_ci NOT NULL,
  `hastane_konum` varchar(80) COLLATE utf8mb3_turkish_ci DEFAULT NULL,
  PRIMARY KEY (`hastane_id`)
) ENGINE=MyISAM DEFAULT CHARSET=utf8mb3 COLLATE=utf8mb3_turkish_ci;

--
-- Tablo döküm verisi `hastaneler`
--

INSERT INTO `hastaneler` (`hastane_id`, `hastane_adi`, `hastane_konum`) VALUES
(1, 'Lüleburgaz Özel Hastanesi', NULL),
(2, 'Babaeski Özel Hastanesi', NULL),
(3, 'Pınarhisar Özel Hastanesi', NULL),
(4, 'Vize Özel Hastanesi', NULL),
(5, 'Demirköy Özel Hastanesi', NULL);

-- --------------------------------------------------------

--
-- Tablo için tablo yapısı `hasta_soru`
--

DROP TABLE IF EXISTS `hasta_soru`;
CREATE TABLE IF NOT EXISTS `hasta_soru` (
  `hasta_soru_id` int NOT NULL AUTO_INCREMENT,
  `hasta_eposta` varchar(50) COLLATE utf8mb3_turkish_ci NOT NULL,
  `poliklinik` varchar(80) COLLATE utf8mb3_turkish_ci NOT NULL,
  `soru` text COLLATE utf8mb3_turkish_ci NOT NULL,
  PRIMARY KEY (`hasta_soru_id`)
) ENGINE=MyISAM AUTO_INCREMENT=18 DEFAULT CHARSET=utf8mb3 COLLATE=utf8mb3_turkish_ci;

--
-- Tablo döküm verisi `hasta_soru`
--

INSERT INTO `hasta_soru` (`hasta_soru_id`, `hasta_eposta`, `poliklinik`, `soru`) VALUES
(17, 'ahmetaydin@gmail.com', 'Beslenme ve Diyet', 'Sabah kahvaltıda tereyağ yenir mi?');

-- --------------------------------------------------------

--
-- Tablo için tablo yapısı `polikilinik`
--

DROP TABLE IF EXISTS `polikilinik`;
CREATE TABLE IF NOT EXISTS `polikilinik` (
  `polikilinik_id` int NOT NULL,
  `polikilinik_adi` varchar(80) COLLATE utf8mb3_turkish_ci NOT NULL,
  PRIMARY KEY (`polikilinik_id`)
) ENGINE=MyISAM DEFAULT CHARSET=utf8mb3 COLLATE=utf8mb3_turkish_ci;

--
-- Tablo döküm verisi `polikilinik`
--

INSERT INTO `polikilinik` (`polikilinik_id`, `polikilinik_adi`) VALUES
(1, 'Üroloji'),
(2, 'Beslenme ve Diyet'),
(3, 'Ruh Sağlığı ve Hastalıkları'),
(4, 'Klinik Psikolog'),
(5, 'Algoloji'),
(6, 'Kulak Burun Boğaz Hastalıkları'),
(7, 'Nöroloji'),
(8, 'Beyin ve Sinir Cerrahisi'),
(9, 'Genel Cerrahi'),
(10, 'Kardiyoloji'),
(11, 'Dahiliye'),
(12, 'Fizik Tedavi ve Rehabilitasyon'),
(13, 'Biorezonans'),
(14, 'Çocuk Sağlığı ve Hastalıkları'),
(15, 'Göz Hastalıkları');

-- --------------------------------------------------------

--
-- Tablo için tablo yapısı `randevu_alma`
--

DROP TABLE IF EXISTS `randevu_alma`;
CREATE TABLE IF NOT EXISTS `randevu_alma` (
  `randevu_id` int NOT NULL AUTO_INCREMENT,
  `randevu_saati` time DEFAULT NULL,
  `randevu_tarihi` date DEFAULT NULL,
  `doktor_id` int DEFAULT NULL,
  `hasta_id` int DEFAULT NULL,
  PRIMARY KEY (`randevu_id`),
  KEY `doktor_id` (`doktor_id`),
  KEY `FK__randevu_a__hasta__47DBAE45` (`hasta_id`)
) ENGINE=MyISAM AUTO_INCREMENT=24 DEFAULT CHARSET=utf8mb3 COLLATE=utf8mb3_turkish_ci;
COMMIT;

/*!40101 SET CHARACTER_SET_CLIENT=@OLD_CHARACTER_SET_CLIENT */;
/*!40101 SET CHARACTER_SET_RESULTS=@OLD_CHARACTER_SET_RESULTS */;
/*!40101 SET COLLATION_CONNECTION=@OLD_COLLATION_CONNECTION */;
